id,produit_id,dimension1,dimension2,dimension3,longueur,unite
1,1,,,,,po
2,2,,,,,po
3,3,,,,,po
4,4,,,,,po
5,5,,,,,po
6,6,,,,,po
7,7,,,,,po
8,8,,,,,po
9,9,,,,,po
10,10,,,,,po
11,11,,,,,po
12,12,,,,,po
13,13,,,,,po
14,14,,,,,po
15,15,,,,,po
16,16,,,,,po
17,17,,,,,po
18,18,,,,,po
19,19,,,,,po
20,20,,,,,po
21,21,,,,,po
22,22,,,,,po
23,23,,,,,po
24,24,,,,,po
25,25,,,,,po
26,26,,,,,po
27,27,,,,,po
28,28,,,,,po
29,29,,,,,po
30,30,,,,,po
31,31,,,,,po
32,32,,,,,po
33,33,,,,,po
34,34,20,,,240,mm
35,35,0.5,,,240,po
36,36,0.625,,,240,po
37,37,25,,,240,mm
38,38,15,,,240,mm
39,39,30,,,240,mm
40,40,48 X 96,,,,po
41,41,48 X 96,,,,po
42,42,48 X 96,,,,po
43,43,1,1,0.125,240,po
44,44,1.5,"1,5",0.188,240,po
45,45,1.5,"1,500",0.125,240,po
46,46,1.5,"1,500",0.25,240,po
47,47,2,1 1/2,0.188,240,po
48,48,2,2,0.125,240,po
49,49,2,2,0.25,240,po
50,50,2,3,0.188,240,po
51,51,2.5,2,0.188,240,po
52,52,2.5,2,0.375,240,po
53,53,3,3,0.188,240,po
54,54,4,4,25,240,po
55,55,6@15,,,240,po
56,56,8@18.4,,,360,po
57,57,8@18.4,,,480,po
58,58,0.125,1,,240,po
59,59,0.125,"1,5",,240,po
60,60,0.125,2,,240,po
61,61,0.125,"2,5",,240,po
62,62,0.125,3,,240,po
63,63,0.25,"1,000",,240,po
64,64,0.25,"1,500",,240,po
65,65,0.25,2,,240,po
66,66,0.25,"2,500",,240,po
67,67,0.25,3,,240,po
68,68,0.25,3,,240,po
69,69,0.25,"4,000",,244,po
70,70,0.25,"5,000",,244,po
71,71,0.3125,3,,240,po
72,72,0.375,2,,240,po
73,73,0.375,3,,240,po
74,74,0.375,4,,240,po
75,75,0.375,6,,240,po
76,76,0.5,2,,240,po
77,77,0.5,3,,240,po
78,78,0.5,4,,240,po
79,79,0.5,6,,240,po
80,80,0.5,8,,240,po
81,81,4,"5,4",,240,po
82,82,,,,240,po
83,83,0.5,,,240,po
84,84,0.625,,,240,po
85,85,1,,,240,po
86,86,2,"2,000",0.125,288,po
87,87,3/4 C½D 80 XH NOIR A53,,,,po
88,88,,,,300,po
89,89,1,1,0.1,288,po
90,90,1,1,0.125,288,po
91,91,1.25,"1,25",0.1,288,po
92,92,1.25,"1,250",0.125,288,po
93,93,1.5,"1,5",0.1,288,po
94,94,1.5,"1,500",0.125,288,po
95,95,1.5,"1,500",0.188,288,po
96,96,2,2,0.1,288,po
97,97,2,2,0.188,288,po
98,98,2,2,0.25,288,po
99,99,2,"2,000",0.1,288,po
100,100,3,3,0.188,288,po
101,101,3,"3,000",0.125,288,po
102,102,4,4,0.25,288,po
103,103,6,"6,000",0.188,288,po
104,104,6,"6,000",0.375,288,po
105,105,8,8,0.25,288,po
106,106,10,4,0.375,288,po
107,107,2,1,0.125,288,po
108,108,3,1,0.125,288,po
109,109,3,2,0.125,288,po
110,110,3,2,0.188,288,po
111,111,3,2,0.25,288,po
112,112,4,2,0.188,288,po
113,113,6,2,0.25,288,po
114,114,6,3,0.25,288,po
115,115,8,3,0.25,288,po
116,116,8,4,0.25,288,po
117,117,1.05,"0,1",,288,po
118,118,CÉD.40,,,252,po
119,119,0.375,"6,000",,,po
120,120,"4 X 5,4",240,,,po
121,121,0.5,0.5,,144,po
122,122,1,1,,144,po
123,123,2,2,,144,po
124,124,1,,,144,po
125,125,1.5,,,144,po
126,126,0.25,2,,144,po
127,127,0.25,"2,5",,144,po
128,128,0.5,1,,144,po
129,129,0.5,"1,5",,144,po
130,130,0.5,1.25,,144,po
131,131,0.5,2,,144,po
132,132,0.5,2-1/2,,144,po
133,133,0.5,3,,144,po
134,134,0.5,4,,144,po
135,135,0.5,5,,144,po
136,136,0.5,6,,144,po
137,137,0.5,8,,144,po
138,138,0.625,6,,144,po
139,139,1,2,,144,po
140,140,1,3,,144,po
141,141,1,4,,144,po
142,142,1,5,,144,po
143,143,1,6,,144,po
144,144,1,8,,144,po
145,145,1.25,4,,144,po
146,146,1.5,1.5,,144,po
147,147,1.5,4,,144,po
148,148,1.5,5,,144,po
149,149,2,"2,5",,144,po
150,150,2,4,,144,po
151,151,2.5,3,,144,po
152,152,2X,4,,144,po
153,153,0.5,,,240,po
154,154,0.75,,,240,po
155,155,1,,,240,po
156,156,1.25,,,240,po
157,157,1.5,,,240,po
158,158,2,"0,5",,288,po
159,159,0.125,3,,36,po
160,160,0.25,3,,36,po
161,161,0.5,3,,36,po
162,162,0.5,4,,36,po
163,163,0.75,3,,36,po
164,164,1,2,,36,po
165,165,1,3,,36,po
166,166,1,4,,36,po
167,167,1,5,,36,po
168,168,1,6,,36,po
169,169,0.25,3,,36,po
170,170,0.3125,3,,36,po
171,171,0.5,3,,36,po
172,172,1,"3,000",,36,po
173,173,1,6,,36,po
174,174,2,"2,000",0.12,288,po
175,175,0.5,1,,240,po
176,176,0.5,6,,240,po
177,177,0.5,"8,000",,144,po
178,178,0.75,"8,000",,144,po
179,179,1,"1,000",,240,po
180,180,1,"6,000",,240,po
181,181,1.5,"1,5",,144,po
182,182,2,2,,240,po
183,183,2,"2,500",,144,po
184,184,2,"3,000",,144,po
185,185,2,"4,000",,144,po
186,186,2,"5,000",,144,po
187,187,2,"6,000",,144,po
188,188,3,4,,144,po
189,189,3,"5,000",,144,po
190,190,3,"6,000",,144,po
191,191,4,1,,144,po
192,192,4,"4,000",,144,po
193,193,4,"5,000",,144,po
194,194,4,"6,000",,144,po
195,195,5,"5,000",,144,po
196,196,6,"6,000",,144,po
197,197,6,12,,,po
198,198,,,,,po
199,199,,,,,po
200,200,,,,,po
201,201,,,,,po
202,202,,,,,po
203,203,,,,,mm
204,204,,,,,po
205,205,,,,,po
206,206,,,,,mm
207,207,,,,,mm
208,208,,,,,mm
209,209,,,,,mm
210,210,,,,,mm
211,211,,,,,mm
212,212,,,,,mm
213,213,,,,,mm
214,214,,,,,mm
215,215,,,,,mm
216,216,,,,,mm
217,217,,,,,mm
218,218,,,,,mm
219,219,,,,,mm
220,220,,,,,mm
221,221,"Brackets - 6 Series, Blind Brackets (MISUMI)",,,,mm
222,222,"Brackets - 8 Series, Blind Brackets (MISUMI)",,,,mm
223,223,,,,,mm
224,224,,,,,mm
225,225,,,,,mm
226,226,,,,,mm
227,227,,,,,mm
228,228,,,,,mm
229,229,,,,,mm
230,230,,,,,mm
231,231,,,,,mm
232,232,,,,,mm
233,233,External Aluminum Pipe Handles (MISUMI),,,,mm
234,234,External Aluminum Pipe Handles (MISUMI),,,,mm
235,235,,,,,po
236,236,,,,,po
237,237,,,,,mm
238,238,,,,,mm
239,239,,,,,mm
240,240,,,,,mm
241,241,,,,,po
242,242,,,,,po
243,243,,,,,po
244,244,,,,,po
245,245,,,,,po
246,246,,,,,po
247,247,,,,,po
248,248,,,,,po
249,249,,,,,po
250,250,,,,,po
251,251,,,,,po
252,252,,,,,po
253,253,20,16,8,,po
254,254,,,,,po
255,255,,,,,po
256,256,,,,,mm
257,257,,,,,po
258,258,,,,,po
259,259,,,,,po
260,260,,,,,po
261,261,,,,,po
262,262,,,,,po
263,263,,,,,po
264,264,,,,,po
265,265,E2033S.41.10,,,,po
266,266,,,,,po
267,267,S2112‎,,,,mm
268,268,,,,,po
269,269,,,,,po
270,270,,,,,po
271,271,,,,,po
272,272,,,,,po
273,273,,,,,po
274,274,,,,,mm
275,275,,,,,po
276,276,,,,,po
277,277,,,,,mm
278,278,Wago,,,,po
279,279,,,,,po
280,280,,,,,po
281,281,,,,,po
282,282,,,,,po
283,283,,,,,po
284,284,,,,,po
285,285,,,,,po
286,286,,,,,po
287,287,,,,,po
288,288,,,,,po
289,289,,,,,mm
290,290,,,,,mm
291,291,20 pieds,,,,po
292,292,,,,,po
293,293,,,,,po
294,294,,,,,po
295,295,,,,,po
296,296,,,,,mm
297,297,,,,,po
298,298,Xcelite / Apex,,,,po
299,299,,,,,po
300,300,,,,,po
301,301,,,,,mm
302,302,,,,,po
303,303,,,,,po
304,304,,,,,po
305,305,,,,,po
306,306,,,,,po
307,307,,,,,po
308,308,,,,,po
309,309,,,,,po
310,310,,,,,po
311,311,,,,,po
312,312,,,,,po
313,313,,,,,po
314,314,,,,,po
315,315,,,,,po
316,316,,,,,po
317,317,,,,,po
318,318,,,,,po
319,319,,,,,po
320,320,,,,,po
321,321,,,,,mm
322,322,,,,,po
323,323,,,,,po
324,324,,,,,po
325,325,,,,,po
326,326,,,,,po
327,327,,,,,po
328,328,mal et femelle,,,,po
329,329,,,,,po
330,330,,,,,po
331,331,,,,,po
332,332,,,,,po
333,333,,,,,po
334,334,14.20,18.20,,,po
335,335,,,,,po
336,336,,,,,po
337,337,,,,,po
338,338,,,,,po
339,339,,,,,po
340,340,,,,,po
341,341,,,,,mm
342,342,,,,,mm
343,343,,,,,po
344,344,,,,,po
345,345,,,,,po
346,346,,,,,po
347,347,,,,,po
348,348,,,,,mm
349,349,,,,,mm
350,350,,,,,po
351,351,,,,,po
352,352,,,,,po
353,353,,,,,po
354,354,,,,,po
355,355,,,,,po
356,356,,,,,po
357,357,,,,,po
358,358,,,,,po
359,359,‎GLLA01A2B,,,,po
360,360,,,,,po
361,361,,,,,po
362,362,,,,,po
363,363,,,,,po
364,364,,,,,po
365,365,,,,,po
366,366,,,,,po
367,367,,,,,po
368,368,,,,,po
369,369,,,,,po
370,370,,,,,po
371,371,,,,,po
372,372,,,,,po
373,373,,,,,mm
374,374,,,,,mm
375,375,20-108-049,,,,po
376,376,20-108-404,,,,po
377,377,FAB-951-049,,,,po
378,378,FAB-951-404,,,,po
379,379,,,,,po
380,380,20-108-113,,,,po
381,381,20-108-045,,,,po
382,382,20-108-046,,,,po
383,383,20-108-403-12,,,,po
384,384,,,,,po
385,385,17058-1000-025,,,,po
386,386,17058-1000-039,,,,po
387,387,17058-1000-044-01,,,,po
388,388,17058-1000-044-02,,,,po
389,389,17058-1000-024,,,,po
390,390,17058-200-060,,,,po
391,391,FAB-410-001-8,,,,po
392,392,FAB-425-101-3,,,,po
393,393,,,,,po
394,394,,,,,po
395,395,63 X 400,,,,po
396,396,6'' BORE,"1,5",MULTI STAGE,,po
397,397,,,,,mm
398,398,,,,,mm
399,399,,,,,mm
400,400,,,,,po
401,401,,,,,po
402,402,,,,,po
403,403,,,,,po
404,404,,,,,mm
405,405,,,,,mm
406,406,,,,,mm
407,407,,,MULTI STAGE,,po
408,408,,,MULTI STAGE,,po
409,409,,,MULTI STAGE,,po
410,410,8'' BORE,2'' STROCKE,MULTI STAGE,,po
411,411,,,,,mm
412,412,,,,,po
413,413,6'' BORE,2'' STROCKE,MULTI STAGE,,po
414,414,8'' BORE,"2,5'' STROKE",1 STAGE,,po
415,415,5'' BORE,3'' STROKE,MULTI STAGE,,po
416,416,6'' BORE,3'' STROKE,MULTI STAGE,,po
417,417,6'' BORE,3'' STROKE,MULTI STAGE,,po
418,418,5'' BORE,1'' STROKE,1 STAGE,,po
419,419,5'' BORE,2'' STROKE,1 STAGE,,po
420,420,5'' BORE,2'' STROKE,1 STAGE,,po
421,421,6'' BORE,2'' STROKE,,,po
422,422,,2'' STROKE,1 STAGE,,po
423,423,,,,,mm
424,424,,,,,mm
425,425,,,,,po
426,426,5'' BORE,3'' STROKE,1 STAGE,,po
427,427,"6"" BORE",2 STROKE,1 STAGE,,po
428,428,,2'' STROKE,1 STAGE,,po
429,429,5 PO,2'' STROKE,1 STAGE,,po
430,430,,,,,mm
431,431,A8,B24,"F2,5",DH 2,po
432,432,,,,,po
433,433,"A13,5",B24,"F2,5","PH 1,5 DH 1,5 LG 12",po
434,434,A6,B18,"F2,5","PH 1,5- DH 1,5, LG 8''",po
435,435,A6,B22,"F2,5","PH 1,5- DH 1,5, LG 9''",po
436,436,A8,B10,"F2,5","PH 1,5 DH 1,5 LG 8",po
437,437,A8,B12,"F2,5","PH 1,5 DH 1,5 LG 9",po
438,438,A8,B14,"F2,5","PH 1,5 DH 1,5 LG 10",po
439,439,A8,B14,"F2,5","PH 1,5 DH 1,5 LG 10",po
440,440,A8,B14,"F2,5","PH 1,5 DH 1,5 LG 12",po
441,441,A8,B14,"F2,5","PH 1,5 DH 1,5 LG 9",po
442,442,A8,B14,"F2,5","PH 1,5 DH 2, LG 12",po
443,443,A8,B16,"F2,5","PH 1,5 DH 1,5 LG 10",po
444,444,A8,B16,"F2,5","PH 1,5 DH 1,5 LG 12",po
445,445,A8,B16,"F2,5","PH 1,5 DH 1,5 LG 9",po
446,446,A8,B18,"F2,5","PH 1,5 DH 1,5 LG 10",po
447,447,A8,B18,"F2,5","PH 1,5 DH 1,5 LG 12",po
448,448,A8,B20,"F2,5","PH 1,5 DH 1,5 LG 8",po
449,449,A8,B20,"F2,5","PH 1,5 DH 2, LG 14",po
450,450,A8,B21,"F2,5","PH 1,5 DH 1,5 LG 10",po
451,451,A8,B22,"F2,5","PH 1,5 - DH 2 - LG 14",po
452,452,A8,B22,"F2,5","PH 1,5 DH 1,5 LG 10",po
453,453,A8,B22,"F2,5","PH 1,5 DH 1,5 LG 12",po
454,454,A8,B22,"F2,5","PH 1,5 DH 1,5 LG 8",po
455,455,A8,B22,"F2,5","PH 1,5- DH 1,5, LG 9''",po
456,456,A8,B22,"F2,5","PH 1,5 DH 2, LG 12",po
457,457,A8,B24,"F2,5","PH 1,5 DH 2 LG 10",po
458,458,A8,B26,"F2,5","PH 1,5 DH 1,5 LG 10",po
459,459,A9,B14,"F2,5","PH 1,5 DH 1,5 LG 10",po
460,460,A9,B19,"F2,6","PH 1,5 DH 1,5 LG 8",po
461,461,A6,B8,"F2,5","PH 1,5 DH 1,5 LG 7",po
462,462,A10,B28,F3,"PH 1,5 DH 1,5 LG 9",po
463,463,A6,B12,"F2,5","PH 1,5 DH 1,5 LG 8",po
464,464,A8,B16,"F2,5","PH 1,5 DH 1,5 LG 8",po
465,465,A8,B18,"F2,5","PH 1,5 DH 1,5 LG 9",po
466,466,A8,B22,"F2,5","PH 1,5 DH 1,5 LG 10",po
467,467,A8,B22,"F2,5","PH 1,5 DH 1,5 LG 9",po
468,468,A8,B24,"F2,5","PH 1,5 DH 1,5 LG 9",po
469,469,,,,,po
470,470,A4,B6,C3-1/2,"PH 1,25 DH 1,25 LG 8",po
471,471,,,,,po
472,472,,,,,po
473,473,,,,,po
474,474,,,,,po
475,475,,,,,mm
476,476,,,,,po
477,477,,,,,po
478,478,,,,,po
479,479,,,,,po
480,480,,,,,po
481,481,,,,,po
482,482,,,,,po
483,483,,,,,po
484,484,,,,,po
485,485,,,,,po
486,486,,,,,po
487,487,,,,,po
488,488,,,,,po
489,489,,,,,mm
490,490,,,,,po
491,491,,,,,po
492,492,,,,,po
493,493,,,,,mm
494,494,,,,,mm
495,495,,,,,po
496,496,,,,,po
497,497,,,,,mm
498,498,,,,,po
499,499,,,,,po
500,500,,,,,mm
501,501,,,,,po
502,502,,,,,po
503,503,,,,,po
504,504,,,,,mm
505,505,,,,,mm
506,506,,,,,po
507,507,,,,,po
508,508,,,,,po
509,509,,,,,po
510,510,,,,,po
511,511,,,,,po
512,512,,,,,po
513,513,,,,,po
514,514,,,,,po
515,515,,,,,po
516,516,,,,,po
517,517,,,,,mm
518,518,,,,,po
519,519,,,,,po
520,520,TEXT BLANC,,,,po
521,521,TEXT NOIR,,,,po
522,522,TEXT BLANC,,,,po
523,523,TEXT NOIR,,,,po
524,524,TEXT BLANC,,,,po
525,525,TEXT NOIR,,,,po
526,526,TEXT BLANC,,,,po
527,527,TEXT NOIR,,,,po
528,528,,,,,po
529,529,,,,,po
530,530,,,,,po
531,531,,,,,po
532,532,,,,,po
533,533,,,,,po
534,534,,,,,po
535,535,,,,,po
536,536,,,,,po
537,537,,,,,po
538,538,,,,,po
539,539,,,,,po
540,540,,,,,po
541,541,,,,,po
542,542,,,,,po
543,543,,,,,po
544,544,,,,,po
545,545,,,,,po
546,546,,,,,po
547,547,,,,,po
548,548,,,,,po
549,549,,,,,po
550,550,,,,,po
551,551,,,,,po
552,552,,,,,po
553,553,,,,,po
554,554,,,,,po
555,555,,,,,po
556,556,,,,,po
557,557,,,,,po
558,558,17058-1000-001_Rev1,,,,po
559,559,17058-1000-020,,,,po
560,560,17058-1000-021,,,,po
561,561,17058-1000-022,,,,po
562,562,17058-100-005,,,,po
563,563,17058-100-006,,,,po
564,564,17058-1000-101_Rev1,,,,po
565,565,17058-1000-120_Rev1,,,,po
566,566,17058-100-021,,,,po
567,567,17058-100-022,,,,po
568,568,17058-100-030,,,,po
569,569,17058-1100-001,,,,po
570,570,17058-1100-001,,,,po
571,571,17058-1100-002,,,,po
572,572,17058-1100-003,,,,po
573,573,17058-1100-004,,,,po
574,574,17058-1100-005,,,,po
575,575,17058-1100-007,,,,po
576,576,17058-1100-010,,,,po
577,577,17058-1100-011,,,,po
578,578,17058-1100-022,,,,po
579,579,17058-1100-102,,,,po
580,580,17058-1100-103,,,,po
581,581,17058-1100-103,,,,po
582,582,17058-1200-001,,,,po
583,583,17058-1200-009,,,,po
584,584,17058-1200-010,,,,po
585,585,17058-1200-011,,,,po
586,586,17058-1200-012,,,,po
587,587,17058-1200-013,,,,po
588,588,17058-1200-102,,,,po
589,589,17058-1200-102,,,,po
590,590,17058-1200-107,,,,po
591,591,17058-1200-109,,,,po
592,592,17058-1200-111,,,,po
593,593,17058-1300-001,,,,po
594,594,17058-1300-002,,,,po
595,595,17058-1300-103,,,,po
596,596,17058-200-001,,,,po
597,597,17058-200-001_REV1,,,,po
598,598,17058-200-002,,,,po
599,599,17058-200-006,,,,po
600,600,17058-200-010,,,,po
601,601,17058-200-016,,,,po
602,602,17058-200-017-1,,,,po
603,603,17058-200-017-2,,,,po
604,604,17058-200-017-3,,,,po
605,605,17058-200-050,,,,po
606,606,17058-200-053,,,,po
607,607,17058-200-062_REV1,,,,po
608,608,17058-200-069,,,,po
609,609,17058-200-070,,,,po
610,610,17058-200-072,,,,po
611,611,17058-200-074,,,,po
612,612,17058-200-074_REV1,,,,po
613,613,17058-200-077,,,,po
614,614,17058-200-078,,,,po
615,615,17058-200-083,,,,po
616,616,17058-200-085,,,,po
617,617,17058-200-086,,,,po
618,618,17058-300-003,,,,po
619,619,17058-300-003-DR,,,,po
620,620,17058-300-004,,,,po
621,621,17058-300-004-DR,,,,po
622,622,17058-300-005,,,,po
623,623,17058-300-012,,,,po
624,624,17058-300-013,,,,po
625,625,17058-300-015,,,,po
626,626,17058-300-015-DR,,,,po
627,627,17058-300-024,,,,po
628,628,17058-300-026,,,,po
629,629,17058-300-027,,,,po
630,630,17058-300-029,,,,po
631,631,17058-300-029-DR,,,,po
632,632,17058-300-031,,,,po
633,633,17058-300-031-DR,,,,po
634,634,17058-300-032,,,,po
635,635,17058-300-032,,,,po
636,636,17058-300-032-DR,,,,po
637,637,17058-300-032-DR,,,,po
638,638,17058-300-033,,,,po
639,639,17058-300-033-DR,,,,po
640,640,17058-300-035,,,,po
641,641,17058-300-037,,,,po
642,642,17058-300-037-DR,,,,po
643,643,17058-300-044,,,,po
644,644,17058-300-044-DR,,,,po
645,645,17058-300-045,,,,po
646,646,17058-300-045-DR,,,,po
647,647,17058-300-047,,,,po
648,648,17058-300-062,,,,po
649,649,17058-300-096_Rev1,,,,po
650,650,17058-300-097_Rev1,,,,po
651,651,17058-400-007,,,,po
652,652,17058-400-010,,,,po
653,653,17058-400-012,,,,po
654,654,17058-400-013,,,,po
655,655,17058-400-023,,,,po
656,656,18-141-041,"5,813",27.25,,po
657,657,18-141-043,"1,500",6.5,,po
658,658,18-141-045-7,"4,000",4.5,,po
659,659,19-102-020,"2,362",6,,po
660,660,19-102-023,"2,362",6,,po
661,661,19-103-020,"2,362",6,,po
662,662,19-103-023,"2,362",6,,po
663,663,19-106-001-6,"3,25",6,,po
664,664,19-106-004,"2-1/2""","7.153""",,po
665,665,19-116-002,,,,po
666,666,19-116-003,,,,po
667,667,19-116-004,,,,po
668,668,20-108-041,,,,po
669,669,20-108-206,,,,po
670,670,20-108-401-5,0.5,,,po
671,671,20-108-402-1,0.5,,,po
672,672,20-108-403-11,16 GA,,,po
673,673,20-108-403-13,16 GA,,,po
674,674,20-108-403-14,16 GA,,,po
675,675,20-108-403-15,16 GA,,,po
676,676,20-108-403-16,16 GA,,,po
677,677,20-108-403-17,16 GA,,,po
678,678,20-108-403-18,16 GA,,,po
679,679,20-108-403-19,16 GA,,,po
680,680,20-108-403-20,16 GA,,,po
681,681,20-108-505,1/2'',,,po
682,682,20-108-802-1,1/4'',C1020,,po
683,683,20-108-802-2,1/8'',C1020,,po
684,684,20-108-803,,,,po
685,685,20-120-001,3/16'',STAINLESS,,po
686,686,20-120-002,3/16'',STAINLESS,,po
687,687,20-120-003,3/16'',STAINLESS,,po
688,688,20-120-004,3/16'',STAINLESS,,po
689,689,20-120-005,3/16'',STAINLESS,,po
690,690,20-127-009-3,,,,po
691,691,20-127-009-5,,,,po
692,692,20-127-009-7,,,,po
693,693,20-127-022-2,,,,po
694,694,20-127-024-1,,,,po
695,695,21-108-001-12,,,,po
696,696,21-108-001-13,,,,po
697,697,21-108-001-14,,,,po
698,698,21-108-001-16,,,,po
699,699,21-108-001-18,,,,po
700,700,21-108-001-20,,,,po
701,701,21-108-001-21,,,,po
702,702,21-108-001-22,,,,po
703,703,21-108-001-23,,,,po
704,704,21-108-001-24,,,,po
705,705,21-108-001-25,,,,po
706,706,21-108-001-26,,,,po
707,707,21-108-019-1,,,,po
708,708,21-108-019-2,,,,po
709,709,21-108-019-3,,,,po
710,710,21-108-019-4,,,,po
711,711,21-108-019-5,,,,po
712,712,21-108-101-41,,,,po
713,713,21-108-101-24,,,,po
714,714,21-108-101-25,,,,po
715,715,21-108-101-26,,,,po
716,716,21-108-101-29,,,,po
717,717,21-108-101-30,,,,po
718,718,21-108-101-31,,,,po
719,719,21-108-101-32,,,,po
720,720,21-108-101-37,,,,po
721,721,21-108-101-41,,,,po
722,722,21-108-102-2,0.5,,,po
723,723,21-108-102-3,0.5,,,po
724,724,21-108-102-4,0.25,,,po
725,725,21-108-102-6,0.75,,,po
726,726,21-108-102-7,0.75,,,po
727,727,21-108-102-8,0.25,,,po
728,728,21-108-103-1,0.5,,,po
729,729,21-108-103-2,0.5,,,po
730,730,21-108-103-3,0.5,,,po
731,731,21-108-103-4,0.5,,,po
732,732,21-108-112,0.125,,,po
733,733,21-108-201-10,"1/2""",,,po
734,734,21-108-201-11,"1/2""",,,po
735,735,21-108-201-14,"1/2""",,,po
736,736,21-108-201-7,"1/2""",,,po
737,737,21-108-201-9,"1/2""",,,po
738,738,21-108-301-10,"3/8""",,,po
739,739,21-108-301-13,"1/2""",,,po
740,740,21-108-301-5,"1/2""",,,po
741,741,21-108-301-7,"1/4""",,,po
742,742,21-108-301-8,"1/2""",,,po
743,743,21-108-306-2,"1/2""",,,po
744,744,21-108-401-6,"1/8""",,,po
745,745,21-108-402-2,"1/2""",,,po
746,746,21-108-402-3,"1/2""",,,po
747,747,21-108-403-2,"1/2""",,,po
748,748,21-108-403-3,"1/2""",,,po
749,749,21-108-404-2,"1/2""",,,po
750,750,21-108-405-2,"1/2""",,,po
751,751,21-108-405-3,"1/2""",,,po
752,752,21-108-406-2,"1/2""",,,po
753,753,21-108-408-3,"1/2""",,,po
754,754,21-108-408-4,3/8'',,,po
755,755,21-108-408-6,1/4'',,,po
756,756,21-108-408-7,1/2'',,,po
757,757,21-108-413-2,1/2'',3.5,4.5,po
758,758,21-108-413-3,1,2,2.5,po
759,759,21-108-413-4,1/2'',4.25,4.25,po
760,760,21-108-414-2,1,2,2.5,po
761,761,21-108-414-3,1/2'',3.5,4.25,po
762,762,21-108-414-4,1/4'',5.16,5.16,po
763,763,21-108-414-5,3/4'',5.16,5.16,po
764,764,21-108-414-6,1/4'',5.16,5.16,po
765,765,21-116-006-11.DXF,0.5,2,2,po
766,766,21-116-006-13.DXF,0.125,42.25,34,po
767,767,,0.125,34.25,34,po
768,768,21-116-006-17.DXF,0.5,10.75,9,po
769,769,21-116-006-18.DXF,0.25,6.92,4.5,po
770,770,21-116-006-21.DXF,0.5,2.5,2.5,po
771,771,21-116-006-23.DXF,0.063,10.784,8.651,po
772,772,21-116-006-24.DXF,0.5,11,4,po
773,773,21-116-006-26.DXF,0.125,33.5,6.816,po
774,774,21-116-006-27.DXF,0.5,2.569,1.569,po
775,775,21-116-006-28.DXF,0.125,41.938,34,po
776,776,21-116-006-7.DXF,0.125,2.545,1.545,po
777,777,21-116-014-10.DXF,0.5,10,36.25,po
778,778,21-116-014-13.DXF,0.25,2.76,6.4,po
779,779,21-116-014-15.DXF,0.125,6.5,30.2,po
780,780,21-116-014-16.DXF,0.125,3.5,19.2,po
781,781,21-116-014-17.DXF,0.25,3,7.5,po
782,782,21-116-014-18.DXF,0.125,20,7.2,po
783,783,21-116-014-19.DXF,0.5,7.5,3,po
784,784,21-116-014-2.DXF,0.75,6,10,po
785,785,21-116-014-20.DXF,0.125,10,24.875,po
786,786,21-116-014-21.DXF,0.125,10,24.875,po
787,787,21-116-014-3.DXF,0.5,6,21.25,po
788,788,21-116-014-4.DXF,0.5,6,21.8,po
789,789,21-116-014-5.DXF,0.5,6,5.25,po
790,790,21-116-014-6.DXF,0.125,6.5,34.25,po
791,791,21-116-014-7.DXF,0.5,10,30,po
792,792,21-116-014-8.DXF,0.25,2.5,7.5,po
793,793,21-116-014-9.DXF,0.5,10,38,po
794,794,21-116-017.DXF,0.5,11.875,18,po
795,795,21-116-022-1.DXF,0.5,6,3.43,po
796,796,21-116-022-2.DXF,0.5,5,3.43,po
797,797,21-116-022-3.DXF,0.125,6.76,4.76,po
798,798,21-116-022-4.DXF,0.75,21,18,po
799,799,21-116-025.DXF,0.5,5.5,8,po
800,800,CLEF 42 FABPLUS,,,,po
801,801,CLEF ER 32,ER32,,,po
802,802,CLEF ER 40,ER40,,,po
803,803,FAB-410-001-10,,,,po
804,804,FAB-410-002-1,,,,po
805,805,FAB-410-002-9,,,,po
806,806,FAB-410-005-2,plaque acier 1'' x 6.25'' x 8.5'',,,po
807,807,FAB-410-005-6,,,,po
808,808,FAB-410-010-5,,,,po
809,809,FAB-410-010-8,,,,po
810,810,FAB-410-027,,,,po
811,811,FAB-410-029-1,,,,po
812,812,FAB-410-029-2,,,,po
813,813,FAB-410-034-1,,,,po
814,814,FAB-410-034-2,,,,po
815,815,FAB-410-073-2,,,,po
816,816,FAB-410-073-5,,,,po
817,817,FAB-410-601-5,,,,po
818,818,FAB-410-601-6,,,,po
819,819,FAB-425-001-18,0.5,2,34.5,po
820,820,FAB-425-001-19,1,5.5,6,po
821,821,FAB-425-001-20,0.5,44.5,79.165,po
822,822,FAB-425-001-26,0.375,3,29.5,po
823,823,FAB-425-001-27,0.75,3,7.875,po
824,824,FAB-425-001-36,1,6.807,7,po
825,825,FAB-425-002-4,"2,5''","3,5''",,po
826,826,FAB-425-002-5,"2,5''","3,5''",,po
827,827,FAB-425-002-6,2-3/4'',7-7/8'',,po
828,828,FAB-425-101-6,0.75,5.90625,5.90625,po
829,829,FAB-425-108,2-1/4'',2-1/4'',,po
830,830,FAB-425-202-2,1,14,18.5,po
831,831,FAB-425-301,0.125,24.5,79.17,po
832,832,FAB-425-302,0.125,44.5,68,po
833,833,FAB-425-303,0.125,12.79,79.17,po
834,834,FAB-425-304,0.125,39.61,42,po
835,835,FAB-425-305,0.125,25.91,79.17,po
836,836,FAB-425-307,0.125,26.87,79.17,po
837,837,FAB-425-308-11,51.433,7.593,,po
838,838,FAB-425-308-12,51.437,7,,po
839,839,FAB-425-308-14,55.334,39.583,,po
840,840,FAB-425-308-15,39.583,3.904,,po
841,841,FAB-425-308-16,39.833,1.883,,po
842,842,FAB-425-401-5,5,25,,po
843,843,FAB-425-601-5,,,,po
844,844,FAB-425-601-6,,,,po
845,845,FAB-441-001,,,,po
846,846,FAB-441-001,"PLAQUE ACIER 3/4'' X 7,01'' X 9,57''",,,po
847,847,FAB-441-002-1,,,,po
848,848,FAB-441-002-1,"PLAQUE ACIER 1/2'' X 6,03'' X 11,94''",,,po
849,849,FAB-441-002-2,,,,po
850,850,FAB-441-002-2,"PLAQUE ACIER 1/2'' X 6,03'' X 11,94''",,,po
851,851,FAB-441-003,,,,po
852,852,FAB-441-003,"PLAQUE ACIER 3/4'' X 7,01'' X 11,94''",,,po
853,853,FAB-441-011,,,,po
854,854,FAB-441-011,"TOLE 1/8'' X 6,89'' X 11,77''",,,po
855,855,FAB-441-012,,,,po
856,856,FAB-441-012,"PLAQUE ACIER 1/2'' X 6,91'' X 7,01''",,,po
857,857,FAB-951-002,,,,po
858,858,FAB-951-002-A,,,,po
859,859,FAB-951-002-B,,,,po
860,860,FAB-951-003-4,,,,po
861,861,FAB-951-005,,,,po
862,862,FAB-951-005,,,,po
863,863,FAB-951-011,,,,po
864,864,FAB-951-012,,,,po
865,865,FAB-951-023-1,,,,po
866,866,FAB-951-026,,,,po
867,867,FAB-951-027,,,,po
868,868,FAB-951-027,,,,po
869,869,FAB-951-027,,,,po
870,870,FAB-951-029,,,,po
871,871,FAB-951-029,,,,po
872,872,FAB-951-029,,,,po
873,873,FAB-951-030,,,,po
874,874,FAB-951-030,,,,po
875,875,FAB-951-030,,,,po
876,876,FAB-951-031-1,,,,po
877,877,FAB-951-031-2,,,,po
878,878,FAB-951-031-3,,,,po
879,879,FAB-951-031-7,,,,po
880,880,FAB-951-031-8,,,,po
881,881,FAB-951-034-1,,,,po
882,882,FAB-951-034-1,,,,po
883,883,FAB-951-034-2,,,,po
884,884,FAB-951-034-2,,,,po
885,885,FAB-951-034-3,,,,po
886,886,FAB-951-034-3,,,,po
887,887,FAB-951-034-7,,,,po
888,888,FAB-951-034-7,,,,po
889,889,FAB-951-034-8,,,,po
890,890,FAB-951-034-8,,,,po
891,891,FAB-951-036,,,,po
892,892,FAB-951-037,,,,po
893,893,FAB-951-037,,,,po
894,894,FAB-951-038,,,,po
895,895,FAB-951-038,,,,po
896,896,FAB-951-040,,,,po
897,897,FAB-951-040,,,,po
898,898,FAB-951-040,,,,po
899,899,FAB-951-045,,,,po
900,900,FAB-951-045,,,,po
901,901,FAB-951-045,,,,po
902,902,FAB-951-051,,,,po
903,903,FAB-951-051,,,,po
904,904,FAB-951-053,,,,po
905,905,FAB-951-063,,,,po
906,906,FAB-951-101-1,,,,po
907,907,FAB-951-101-10,,,,po
908,908,FAB-951-101-11,,,,po
909,909,FAB-951-101-12,,,,po
910,910,FAB-951-101-2,,,,po
911,911,FAB-951-101-3,,,,po
912,912,FAB-951-101-4,,,,po
913,913,FAB-951-101-5,,,,po
914,914,FAB-951-101-6,,,,po
915,915,FAB-951-101-7,,,,po
916,916,FAB-951-101-8,,,,po
917,917,FAB-951-102,,,,po
918,918,FAB-951-102,,,,po
919,919,FAB-951-102,,,,po
920,920,FAB-951-104-1,,,,po
921,921,FAB-951-104-1,,,,po
922,922,FAB-951-104-1,,,,po
923,923,FAB-951-104-2,,,,po
924,924,FAB-951-104-2,,,,po
925,925,FAB-951-104-2,,,,po
926,926,FAB-951-106,,,,po
927,927,FAB-951-109,,,,po
928,928,FAB-951-112,,,,po
929,929,FAB-951-112,,,,po
930,930,FAB-951-113,,,,po
931,931,FAB-951-113,,,,po
932,932,FAB-951-113,,,,po
933,933,FAB-951-201,,,,po
934,934,FAB-951-202,,,,po
935,935,FAB-951-204,,,,po
936,936,FAB-951-205,,,,po
937,937,FAB-951-206,,,,po
938,938,FAB-951-210,,,,po
939,939,FAB-951-211,,,,po
940,940,FAB-951-212,,,,po
941,941,FAB-951-214,,,,po
942,942,FAB-951-215,,,,po
943,943,FAB-951-216,,,,po
944,944,FAB-951-218,,,,po
945,945,FAB-951-219,,,,po
946,946,FAB-951-220,,,,po
947,947,FAB-951-220,,,,po
948,948,FAB-951-222,,,,po
949,949,FAB-951-223,,,,po
950,950,FAB-951-303,,,,po
951,951,FAB-951-303,,,,po
952,952,FAB-951-304,,,,po
953,953,FAB-951-304,,,,po
954,954,FAB-951-305,,,,po
955,955,FAB-951-305,,,,po
956,956,FAB-951-310,,,,po
957,957,FAB-951-310,,,,po
958,958,FAB-951-310,,,,po
959,959,FAB-951-311,,,,po
960,960,FAB-951-311,,,,po
961,961,FAB-951-311,,,,po
962,962,FAB-951-315,,,,po
963,963,FAB-951-315,,,,po
964,964,FAB-951-315,,,,po
965,965,FAB-951-316,,,,po
966,966,FAB-951-316,,,,po
967,967,FAB-951-316,,,,po
968,968,FAB-951-317-1,,,,po
969,969,FAB-951-317-1,,,,po
970,970,FAB-951-317-1,,,,po
971,971,FAB-951-317-2,,,,po
972,972,FAB-951-317-2,,,,po
973,973,FAB-951-317-2,,,,po
974,974,FAB-951-317-3,,,,po
975,975,FAB-951-317-3,,,,po
976,976,FAB-951-317-3,,,,po
977,977,FAB-951-321,,,,po
978,978,FAB-951-321,,,,po
979,979,FAB-951-321,,,,po
980,980,FAB-951-327-1,,,,po
981,981,FAB-951-327-1,,,,po
982,982,FAB-951-327-1,,,,po
983,983,FAB-951-327-2,,,,po
984,984,FAB-951-327-2,,,,po
985,985,FAB-951-327-2,,,,po
986,986,FAB-951-327-3,,,,po
987,987,FAB-951-327-3,,,,po
988,988,FAB-951-327-3,,,,po
989,989,FAB-951-328,,,,po
990,990,FAB-951-328,,,,po
991,991,FAB-951-328,,,,po
992,992,FAB-951-401-6,,,,po
993,993,FAB-951-401-6,,,,po
994,994,FAB-951-401-6,,,,po
995,995,FAB-951-402-1,,,,po
996,996,FAB-951-402-1,,,,po
997,997,FAB-951-402-1,,,,po
998,998,FAB-951-402-2,,,,po
999,999,FAB-951-402-2,,,,po
1000,1000,FAB-951-402-2,,,,po
1001,1001,FAB-951-403-18,,,,po
1002,1002,FAB-951-403-18,,,,po
1003,1003,FAB-951-403-18,,,,po
1004,1004,FAB-951-403-21,,,,po
1005,1005,FAB-951-403-21,,,,po
1006,1006,FAB-951-403-21,,,,po
1007,1007,FAB-951-405,,,,po
1008,1008,FAB-951-502,,,,po
1009,1009,FAB-951-502,,,,po
1010,1010,FAB-951-503,,,,po
1011,1011,FAB-951-503,,,,po
1012,1012,FAB-951-504,,,,po
1013,1013,FAB-951-504,,,,po
1014,1014,FAB-951-505,,,,po
1015,1015,FAB-951-505,,,,po
1016,1016,FAB-951-506-1,,,,po
1017,1017,FAB-951-506-1,,,,po
1018,1018,FAB-951-506-2,,,,po
1019,1019,FAB-951-506-2,,,,po
1020,1020,FAB-951-506-3,,,,po
1021,1021,FAB-951-506-3,,,,po
1022,1022,FAB-951-508,,,,po
1023,1023,FAB-951-701-3,,,,po
1024,1024,FAB-951-803-1,,,,po
1025,1025,FAB-951-803-1,,,,po
1026,1026,FAB-951-803-1,,,,po
1027,1027,FAB-951-803-2,,,,po
1028,1028,FAB-951-803-2,,,,po
1029,1029,FAB-951-803-2,,,,po
1030,1030,FAB-951-901-10,,,,po
1031,1031,FAB-951-901-10,,,,po
1032,1032,FAB-951-901-13,,,,po
1033,1033,FAB-951-901-13,,,,po
1034,1034,FAB-951-901-9,,,,po
1035,1035,FAB-951-901-9,,,,po
1036,1036,FAB-951-902-5,,,,po
1037,1037,FAB-CONV-006,"3,000",18.125,,po
1038,1038,FAB-CONV-1X3-ATT,,,,po
1039,1039,FAB-CONV-1x3-ATTACHE-OZCELIK,,,,po
1040,1040,FAB-CONV-1X3-PATTE,,,,po
1041,1041,FAB-CONV-288-001-4,1,3,,po
1042,1042,FAB-CONV-288-001-5,"3/8""",,,po
1043,1043,FAB-CONV-288-001-6,,,,po
1044,1044,FAB-CONV-ETRIER,,,,po
1045,1045,FAB-CONV-ETRIER,,,,po
1046,1046,FAB-PLF-16.GA,,,,po
1047,1047,FAB-PLF-3X3X0.5,0.5,"3,000",,po
1048,1048,,,,,po
1049,1049,,,,,po
1050,1050,,,,,po
1051,1051,,,,,po
1052,1052,,,,,po
1053,1053,,,,,po
1054,1054,,,,,po
1055,1055,,,,,po
1056,1056,TPE-PLB-3X3,,,,po
1057,1057,17058-100-007,,,,po
1058,1058,17058-100-035-01,,,,po
1059,1059,17058-100-035-02,,,,po
1060,1060,17058-100-040-01,,,,po
1061,1061,17058-100-040-02,,,,po
1062,1062,17058-100-041-1,,,,po
1063,1063,17058-100-041-2,,,,po
1064,1064,17058-100-043-01,,,,po
1065,1065,17058-100-043-02,,,,po
1066,1066,17058-1100-021,,,,po
1067,1067,17058-1100-024-01,,,,po
1068,1068,17058-1100-024-02,,,,po
1069,1069,17058-1100-025,,,,po
1070,1070,17058-1200-007,,,,po
1071,1071,17058-1200-019,,,,po
1072,1072,17058-1200-020,,,,po
1073,1073,17058-1200-022,,,,po
1074,1074,17058-1200-024-1,,,,po
1075,1075,17058-1200-024-2,,,,po
1076,1076,17058-200-058,,,,po
1077,1077,17058-200-087,,,,po
1078,1078,17058-300-060,,,,po
1079,1079,17058-300-073-01,,,,po
1080,1080,17058-300-073-02,,,,po
1081,1081,17058-400-001,,,,po
1082,1082,17058-400-001-DR,,,,po
1083,1083,17058-400-002,,,,po
1084,1084,17058-400-002-DR,,,,po
1085,1085,20-127-009-4,,,,po
1086,1086,20-127-022-1,,,,po
1087,1087,21-108-001-15,,,,po
1088,1088,21-108-001-17,,,,po
1089,1089,21-108-001-27,,,,po
1090,1090,21-108-001-28,,,,po
1091,1091,21-108-001-29,,,,po
1092,1092,21-108-003,,,,po
1093,1093,21-108-101-28,,,,po
1094,1094,21-108-101-33,,,,po
1095,1095,21-108-101-34,,,,po
1096,1096,21-108-301-12,"3/16""",,,po
1097,1097,FAB-410-001-9,,,,po
1098,1098,FAB-410-002-4,,,,po
1099,1099,FAB-410-002-6,,,,po
1100,1100,FAB-410-010-2,,,,po
1101,1101,FAB-410-010-4,,,,po
1102,1102,FAB-410-029-3,,,,po
1103,1103,FAB-410-036,,,,po
1104,1104,FAB-410-039,,,,po
1105,1105,FAB-425-083,,,,po
1106,1106,FAB-425-083,,,,po
1107,1107,FAB-425-084,,,,po
1108,1108,FAB-425-306,,,,po
1109,1109,FAB-951-031-10,,,,po
1110,1110,FAB-951-031-11,,,,po
1111,1111,FAB-951-031-12,,,,po
1112,1112,FAB-951-031-13,,,,po
1113,1113,FAB-951-031-9,,,,po
1114,1114,FAB-951-034-10,,,,po
1115,1115,FAB-951-034-10,,,,po
1116,1116,FAB-951-034-11,,,,po
1117,1117,FAB-951-034-11,,,,po
1118,1118,FAB-951-034-12,,,,po
1119,1119,FAB-951-034-12,,,,po
1120,1120,FAB-951-034-13,,,,po
1121,1121,FAB-951-034-13,,,,po
1122,1122,FAB-951-034-9,,,,po
1123,1123,FAB-951-034-9,,,,po
1124,1124,FAB-951-036,,,,po
1125,1125,FAB-951-037,,,,po
1126,1126,FAB-951-038,,,,po
1127,1127,FAB-951-403-16,,,,po
1128,1128,FAB-951-403-16,,,,po
1129,1129,FAB-951-403-16,,,,po
1130,1130,FAB-951-403-17,,,,po
1131,1131,FAB-951-403-17,,,,po
1132,1132,FAB-951-403-17,,,,po
1133,1133,FAB-951-403-19,,,,po
1134,1134,FAB-951-403-19,,,,po
1135,1135,FAB-951-403-19,,,,po
1136,1136,FAB-951-403-20,,,,po
1137,1137,FAB-951-403-20,,,,po
1138,1138,FAB-951-403-20,,,,po
1139,1139,FAB-951-802,,,,po
1140,1140,FAB-951-802,,,,po
1141,1141,FAB-951-905,,,,po
1142,1142,FAB-951-905,,,,po
1143,1143,FAB-951-905,,,,po
1144,1144,FAB-TIGER,,,,po
1145,1145,,,,,po
1146,1146,,,,,po
1147,1147,,,,,po
1148,1148,,,,,po
1149,1149,,,,,po
1150,1150,,,,,po
1151,1151,,,,,po
1152,1152,,,,,po
1153,1153,,,,,po
1154,1154,,,,,po
1155,1155,,,,,po
1156,1156,,,,,po
1157,1157,,,,,po
1158,1158,7.00,0.500,1.250,,po
1159,1159,,,,,po
1160,1160,,,,,po
1161,1161,,,,,po
1162,1162,,,,,po
1163,1163,,,,,po
1164,1164,,,,,po
1165,1165,,,,,po
1166,1166,,,,,po
1167,1167,,,,,po
1168,1168,,,,,po
1169,1169,,,,,po
1170,1170,,,,,po
1171,1171,,,,,po
1172,1172,,,,,po
1173,1173,,,,,po
1174,1174,,,,,po
1175,1175,,,,,po
1176,1176,,,,,po
1177,1177,,,,,po
1178,1178,,,,,po
1179,1179,,,,,po
1180,1180,,,,,po
1181,1181,,,,,po
1182,1182,,,,,po
1183,1183,,,,,po
1184,1184,,,,,po
1185,1185,,,,,po
1186,1186,,,,,po
1187,1187,,,,,po
1188,1188,,,,,po
1189,1189,,,,,po
1190,1190,,,,,po
1191,1191,,,,,po
1192,1192,,,,,po
1193,1193,,,,,po
1194,1194,,,,,po
1195,1195,,,,,po
1196,1196,,,,,po
1197,1197,,,,,po
1198,1198,,,,,po
1199,1199,,,,,po
1200,1200,,,,,po
1201,1201,,,,,po
1202,1202,,,,,po
1203,1203,,,,,po
1204,1204,,,,,po
1205,1205,,,,,po
1206,1206,,,,,po
1207,1207,,,,,po
1208,1208,,,,,po
1209,1209,,,,,po
1210,1210,,,,,po
1211,1211,,,,,po
1212,1212,,,,,po
1213,1213,,,,,po
1214,1214,,,,,po
1215,1215,,,,,po
1216,1216,,,,,po
1217,1217,,,,,po
1218,1218,,,,,po
1219,1219,,,,,po
1220,1220,,,,,po
1221,1221,,,,,po
1222,1222,,,,,po
1223,1223,,,,,po
1224,1224,,,,,po
1225,1225,,,,,po
1226,1226,,,,,po
1227,1227,,,,,mm
1228,1228,,,,,po
1229,1229,,,,,po
1230,1230,,,,,mm
1231,1231,,,,,po
1232,1232,,,,,po
1233,1233,,,,,po
1234,1234,,,,,po
1235,1235,,,,,po
1236,1236,,,,,po
1237,1237,,,,,po
1238,1238,,,,,po
1239,1239,,,,,po
1240,1240,,,,,po
1241,1241,,,,,po
1242,1242,,,,,po
1243,1243,,,,,po
1244,1244,,,,,po
1245,1245,,,,,po
1246,1246,,,,,po
1247,1247,,,,,po
1248,1248,,,,,po
1249,1249,,,,,po
1250,1250,,,,,po
1251,1251,,,,,po
1252,1252,,,,,po
1253,1253,,,,,po
1254,1254,,,,,po
1255,1255,,,,,po
1256,1256,,,,,po
1257,1257,,,,,po
1258,1258,,,,,po
1259,1259,,,,,po
1260,1260,,,,,po
1261,1261,,,,,po
1262,1262,,,,,po
1263,1263,,,,,po
1264,1264,,,,,po
1265,1265,,,,,po
1266,1266,,,,,po
1267,1267,,,,,po
1268,1268,,,,,po
1269,1269,,,,,mm
1270,1270,,,,,mm
1271,1271,,,,,mm
1272,1272,,,,,mm
1273,1273,,,,,mm
1274,1274,,,,,mm
1275,1275,,,,,mm
1276,1276,,,,,mm
1277,1277,,,,,mm
1278,1278,,,,,po
1279,1279,,,,,po
1280,1280,,,,,po
1281,1281,,,,,po
1282,1282,,,,,po
1283,1283,,,,,po
1284,1284,,,,,po
1285,1285,,,,,po
1286,1286,,,,,po
1287,1287,,,,,po
1288,1288,,,,,po
1289,1289,,,,,po
1290,1290,,,,,po
1291,1291,,,,,po
1292,1292,,,,,mm
1293,1293,,,,,mm
1294,1294,,,,,mm
1295,1295,,,,,mm
1296,1296,,,,,mm
1297,1297,,,,,po
1298,1298,,,,,po
1299,1299,,,,,po
1300,1300,,,,,mm
1301,1301,,,,,po
1302,1302,,,,,po
1303,1303,,,,,po
1304,1304,,,,,po
1305,1305,,,,,mm
1306,1306,,,,,mm
1307,1307,,,,,po
1308,1308,,,,,po
1309,1309,,,,,po
1310,1310,1/16,,,,po
1311,1311,1/2,,,,po
1312,1312,1/2,shank 1/2 round,,,po
1313,1313,1/4,,,,po
1314,1314,1/4,1/4,1 2FL,,po
1315,1315,1/8,,,,po
1316,1316,3/16,,,,po
1317,1317,3/32,,,,po
1318,1318,3/8,,,,po
1319,1319,5/16,,,,po
1320,1320,5/32,,,,po
1321,1321,5/64,,,,po
1322,1322,7/32,,,,po
1323,1323,7/64,,,,po
1324,1324,9/32,,,,po
1325,1325,9/64,,,,po
1326,1326,11/32,,,,po
1327,1327,11/64,,,,po
1328,1328,13/32,,,,po
1329,1329,13/64,,,,po
1330,1330,15/16,SHANK 1/2,,,po
1331,1331,15/32,,,,po
1332,1332,15/64,,,,po
1333,1333,17/32,,,,po
1334,1334,17/64,,,,po
1335,1335,19/64,,,,po
1336,1336,21/64,,,,po
1337,1337,23/64,,,,po
1338,1338,25/64,,,,po
1339,1339,27/64,,,,po
1340,1340,# 19,,,,po
1341,1341,#1,,,,po
1342,1342,#30,,,,po
1343,1343,#40,,,,po
1344,1344,#7,,,,po
1345,1345,#8,,,,po
1346,1346,#W,,,,po
1347,1347,#X,,,,po
1348,1348,#Y,,,,po
1349,1349,1,SHANK 1/2,,,po
1350,1350,1   1/16,,,,po
1351,1351,1/4,,,,po
1352,1352,3/32,,,,po
1353,1353,9/16,SHANK 1/2,,,po
1354,1354,9/64,,,,po
1355,1355,DIA 39/64,SHANK 1/2,,,po
1356,1356,G,,,,po
1357,1357,H,,,,po
1358,1358,,,,,po
1359,1359,,,,,po
1360,1360,,,,,po
1361,1361,,,,,po
1362,1362,,,,,po
1363,1363,,,,,po
1364,1364,,,,,po
1365,1365,,,,,po
1366,1366,,,,,po
1367,1367,,,,,po
1368,1368,,,,,po
1369,1369,,,,,po
1370,1370,,,,,po
1371,1371,,,,,po
1372,1372,,,,,po
1373,1373,,,,,po
1374,1374,,,,,po
1375,1375,,,,,po
1376,1376,,,,,po
1377,1377,,,,,po
1378,1378,,,,,po
1379,1379,,,,,po
1380,1380,,,,,po
1381,1381,,,,,po
1382,1382,,,,,po
1383,1383,,,,,po
1384,1384,,,,,po
1385,1385,,,,,po
1386,1386,,,,,po
1387,1387,,,,,po
1388,1388,,,,,po
1389,1389,,,,,po
1390,1390,,,,,po
1391,1391,,,,,po
1392,1392,,,,,po
1393,1393,,,,,po
1394,1394,,,,,po
1395,1395,,,,,po
1396,1396,,,,,po
1397,1397,,,,,po
1398,1398,,,,,po
1399,1399,,,,,po
1400,1400,,,,,mm
1401,1401,,,,,po
1402,1402,,,,,po
1403,1403,,,,,po
1404,1404,,,,,po
1405,1405,,,,,po
1406,1406,,,,,po
1407,1407,,,,,mm
1408,1408,,,,,po
1409,1409,,,,,po
1410,1410,,,,,po
1411,1411,,,,,po
1412,1412,,,,,po
1413,1413,,,,,po
1414,1414,,,,,po
1415,1415,,,,,po
1416,1416,,,,,po
1417,1417,,,,,po
1418,1418,,,,,po
1419,1419,,,,,po
1420,1420,,,,,po
1421,1421,,,,,po
1422,1422,,,20-115,,po
1423,1423,,,,,po
1424,1424,,,,,po
1425,1425,,,,,po
1426,1426,,,,,po
1427,1427,,,,,po
1428,1428,,,,,po
1429,1429,,,,,po
1430,1430,,,,,po
1431,1431,,,,,po
1432,1432,,,,,po
1433,1433,,,,,po
1434,1434,,,,,po
1435,1435,,,,,po
1436,1436,,,,,po
1437,1437,,,,,po
1438,1438,,,,,po
1439,1439,,,,,po
1440,1440,,,,,po
1441,1441,,,,,po
1442,1442,,,,,po
1443,1443,,,,,po
1444,1444,,,,,po
1445,1445,,,,,po
1446,1446,,,,,po
1447,1447,,,,,po
1448,1448,,,,,po
1449,1449,,,,,po
1450,1450,,,,,po
1451,1451,,,,,po
1452,1452,,,,,po
1453,1453,,,,,po
1454,1454,,,,,po
1455,1455,,,,,po
1456,1456,,,,,po
1457,1457,,,,,po
1458,1458,,,,,po
1459,1459,,,,,po
1460,1460,,,,,po
1461,1461,PROMO,,,,po
1462,1462,,,,,po
1463,1463,,,,,po
1464,1464,,,,,po
1465,1465,,,,,po
1466,1466,,,,,po
1467,1467,,,,,po
1468,1468,,,,,po
1469,1469,,,,,po
1470,1470,,,,,po
1471,1471,,,,,mm
1472,1472,,,,,mm
1473,1473,,,,,po
1474,1474,,,,,po
1475,1475,,,,,po
1476,1476,,,,,po
1477,1477,,,,,po
1478,1478,,,,,po
1479,1479,,,,,po
1480,1480,,,,,po
1481,1481,,,,,po
1482,1482,,,,,po
1483,1483,,,,,po
1484,1484,,,,,po
1485,1485,,,,,po
1486,1486,,,,,po
1487,1487,,,,,po
1488,1488,,,,,po
1489,1489,,,,,mm
1490,1490,,,,,mm
1491,1491,,,,,mm
1492,1492,,,,,mm
1493,1493,,,,,mm
1494,1494,,,,,po
1495,1495,,,,,po
1496,1496,,"0,625",,,po
1497,1497,,,,,po
1498,1498,,,,,po
1499,1499,,,,,po
1500,1500,,,,,mm
1501,1501,,,,,mm
1502,1502,,,,,po
1503,1503,,,,,po
1504,1504,,,,,po
1505,1505,,,,,po
1506,1506,,,,,po
1507,1507,,,,,po
1508,1508,,,,,po
1509,1509,,,,,po
1510,1510,,,,,po
1511,1511,,,,,po
1512,1512,,,,,po
1513,1513,,,,,po
1514,1514,,,,,po
1515,1515,,,,,po
1516,1516,,,,,po
1517,1517,,,,,po
1518,1518,,,,,po
1519,1519,,,,,po
1520,1520,,,,,mm
1521,1521,,,,,po
1522,1522,,,,,po
1523,1523,,,,,po
1524,1524,,,,,po
1525,1525,,,,,po
1526,1526,,,,,po
1527,1527,,,,,po
1528,1528,,,,,po
1529,1529,,,,,po
1530,1530,,,,,po
1531,1531,,,,,po
1532,1532,,,,,po
1533,1533,,,,,po
1534,1534,,,,,po
1535,1535,,,,,po
1536,1536,,,,,po
1537,1537,,,,,po
1538,1538,,,,,po
1539,1539,,,,,po
1540,1540,,,,,po
1541,1541,,,,,po
1542,1542,,,,,po
1543,1543,,,,,po
1544,1544,,,,,po
1545,1545,,,,,po
1546,1546,,,,,po
1547,1547,,,,,po
1548,1548,,,,,po
1549,1549,,,,,po
1550,1550,,,,,po
1551,1551,,,,,po
1552,1552,,,,,po
1553,1553,,,,,po
1554,1554,,,,,po
1555,1555,,,,,po
1556,1556,,,,,po
1557,1557,,,,,po
1558,1558,,,,,po
1559,1559,,,,,po
1560,1560,,,,,po
1561,1561,,,,,po
1562,1562,,,,,po
1563,1563,,,,,po
1564,1564,,,,,po
1565,1565,,,,,po
1566,1566,,,,,po
1567,1567,,,,,po
1568,1568,,,,,po
1569,1569,,,,,po
1570,1570,,,,,po
1571,1571,,,,,po
1572,1572,,,,,po
1573,1573,,,,,po
1574,1574,,,,,po
1575,1575,,,,,po
1576,1576,,,,,po
1577,1577,,,,,po
1578,1578,,,,,po
1579,1579,,,,,po
1580,1580,,,,,po
1581,1581,,,,,po
1582,1582,,,,,po
1583,1583,,,,,po
1584,1584,,,,,po
1585,1585,,,,,po
1586,1586,,,,,po
1587,1587,,,,,mm
1588,1588,,,,,po
1589,1589,,,,,po
1590,1590,,,,,po
1591,1591,,,,,po
1592,1592,,,,,po
1593,1593,,,,,po
1594,1594,,,,,po
1595,1595,,,,,po
1596,1596,,,,,po
1597,1597,,,,,po
1598,1598,,,,,po
1599,1599,,,,,po
1600,1600,,,,,po
1601,1601,,,,,po
1602,1602,,,,,po
1603,1603,,,,,po
1604,1604,,,,,po
1605,1605,,,,,po
1606,1606,,,,,po
1607,1607,,,,,po
1608,1608,,,,,po
1609,1609,,,,,po
1610,1610,,,,,po
1611,1611,,,,,po
1612,1612,,,,,po
1613,1613,,,,,mm
1614,1614,,,,,po
1615,1615,,,,,po
1616,1616,,,,,po
1617,1617,,,,,po
1618,1618,,,,,po
1619,1619,,,,,po
1620,1620,,,,,po
1621,1621,,,,,po
1622,1622,,,,,po
1623,1623,,,,,po
1624,1624,,,,,po
1625,1625,,,,,po
1626,1626,,,,,po
1627,1627,,,,,po
1628,1628,,,,,po
1629,1629,,,,,po
1630,1630,,,,,po
1631,1631,,,,,po
1632,1632,,,,,po
1633,1633,,,,,po
1634,1634,,,,,po
1635,1635,,,,,po
1636,1636,,,,,po
1637,1637,,,,,po
1638,1638,,,,,po
1639,1639,,,,,po
1640,1640,,,,,mm
1641,1641,,,,,po
1642,1642,,,,,po
1643,1643,,,,,po
1644,1644,,,,,po
1645,1645,,,,,po
1646,1646,,,,,po
1647,1647,,,,,po
1648,1648,,,,,po
1649,1649,,,,,po
1650,1650,,,,,po
1651,1651,,,,,po
1652,1652,,,,,po
1653,1653,,,,,po
1654,1654,,,,,po
1655,1655,,,,,po
1656,1656,,,,,po
1657,1657,,,,,po
1658,1658,,,,,po
1659,1659,,,,,po
1660,1660,,,,,po
1661,1661,,,,,po
1662,1662,,,,,po
1663,1663,,,,,po
1664,1664,,,,,po
1665,1665,,,,,po
1666,1666,,,,,po
1667,1667,,,,,po
1668,1668,,,,,po
1669,1669,,,,,po
1670,1670,,,,,po
1671,1671,,,,,po
1672,1672,,,,,po
1673,1673,,,,,po
1674,1674,,,,,po
1675,1675,,,,,po
1676,1676,,,,,po
1677,1677,,,,,po
1678,1678,,,,,po
1679,1679,,,,,po
1680,1680,,,,,po
1681,1681,,,,,po
1682,1682,,,,,po
1683,1683,3,3,0.3135,240,po
1684,1684,,,,,po
1685,1685,,,,,po
1686,1686,,,,,po
1687,1687,,,,,po
1688,1688,,,,,po
1689,1689,,,,,po
1690,1690,,,,,po
1691,1691,,,,,po
1692,1692,,,,,po
1693,1693,,,,,po
1694,1694,,,,,po
1695,1695,,,,,po
1696,1696,,,,,po
1697,1697,,,,,po
1698,1698,,,,,po
1699,1699,,,,,po
1700,1700,,,,,po
1701,1701,,,,,po
1702,1702,,,,,po
1703,1703,,,,,po
1704,1704,,,,,po
1705,1705,,,,,po
1706,1706,,,,,po
1707,1707,,,,,po
1708,1708,,,,,po
1709,1709,,,,,po
1710,1710,,,,,mm
1711,1711,,,,,po
1712,1712,,,,,po
1713,1713,,,,,mm
1714,1714,,,,,po
1715,1715,,,,,po
1716,1716,,,,,po
1717,1717,,,,,po
1718,1718,,,,,po
1719,1719,,,,,po
1720,1720,,,,,po
1721,1721,,,,,po
1722,1722,,,,,po
1723,1723,,,,,po
1724,1724,,,,,po
1725,1725,,,,,po
1726,1726,,,,,po
1727,1727,,,,,po
1728,1728,,,,,po
1729,1729,,,,,po
1730,1730,,,,,po
1731,1731,,,,,po
1732,1732,,,,,po
1733,1733,,,,,po
1734,1734,,,,,mm
1735,1735,,,,,po
1736,1736,,,,,po
1737,1737,,,,,po
1738,1738,,,,,po
1739,1739,,,,,po
1740,1740,,,,,po
1741,1741,,,,,po
1742,1742,,,,,po
1743,1743,,,,,po
1744,1744,,,,,po
1745,1745,,,,,po
1746,1746,,,,,po
1747,1747,,,,,po
1748,1748,,,,,po
1749,1749,,,,,po
1750,1750,,,,,po
1751,1751,,,,,po
1752,1752,,,"12"" lg",MCMASTER,po
1753,1753,,,,,po
1754,1754,,,,,po
1755,1755,,,,,po
1756,1756,,,,,po
1757,1757,,,,,po
1758,1758,,,,,mm
1759,1759,,,,,po
1760,1760,,,,,po
1761,1761,,,,,po
1762,1762,,,,,po
1763,1763,,,,,po
1764,1764,,,,,po
1765,1765,,,,,po
1766,1766,,,,,po
1767,1767,,,,,po
1768,1768,,,,,po
1769,1769,,,,,po
1770,1770,,,,,po
1771,1771,,,,,po
1772,1772,,,,,po
1773,1773,,,,,po
1774,1774,,,,,po
1775,1775,,,,,po
1776,1776,,,,,po
1777,1777,,,,,po
1778,1778,,,,,po
1779,1779,,,,,po
1780,1780,,,,,po
1781,1781,,,,,po
1782,1782,,,,,po
1783,1783,,,,,po
1784,1784,,,,,po
1785,1785,,,,,po
1786,1786,,,,,po
1787,1787,,,,,po
1788,1788,,,,,po
1789,1789,,,,,po
1790,1790,,,,,po
1791,1791,,,,,po
1792,1792,,,,,po
1793,1793,,,,,po
1794,1794,,,,,po
1795,1795,,,,,po
1796,1796,,,,,po
1797,1797,,,,,po
1798,1798,,,,,po
1799,1799,,,,,po
1800,1800,,,,,po
1801,1801,,,,,po
1802,1802,,,,,po
1803,1803,,,,,mm
1804,1804,,,,,mm
1805,1805,,,,,po
1806,1806,,,,,po
1807,1807,,,,,po
1808,1808,,,,,mm
1809,1809,,,,,po
1810,1810,,,,,po
1811,1811,,,,,po
1812,1812,,,,,po
1813,1813,,,,,po
1814,1814,,,,,po
1815,1815,,,,,po
1816,1816,,,,,po
1817,1817,,,,,mm
1818,1818,,,,,po
1819,1819,,,,,po
1820,1820,,,,,po
1821,1821,,,,,mm
1822,1822,,,,,mm
1823,1823,,,,,po
1824,1824,,,,,po
1825,1825,,,,,po
1826,1826,,,,,po
1827,1827,,,,,po
1828,1828,1 GALLON,C02783,,,po
1829,1829,1 GALLON,C02783,TB230BQ,,po
1830,1830,1 GALLON,C06406,,,po
1831,1831,1 GALLON,C07320,TB230AQ,,po
1832,1832,CANNETTE,C06406,TB540,,po
1833,1833,1 GALLON,C01869,,,po
1834,1834,1 GALLON,C04640,,,po
1835,1835,CANNETTE,C01869,,,po
1836,1836,CANNETTE,C02714,,,po
1837,1837,1 GALLON,,,,po
1838,1838,,,,,po
1839,1839,0.5,,,240 LONG,po
1840,1840,,,,,po
1841,1841,,,,,po
1842,1842,,,,,po
1843,1843,,,,,po
1844,1844,,,,,po
1845,1845,,,,,po
1846,1846,,,,,po
1847,1847,,,,,po
1848,1848,,,,,po
1849,1849,,,,,po
1850,1850,,,,,po
1851,1851,,,,,po
1852,1852,,,,,po
1853,1853,,,,,po
1854,1854,,,,,po
1855,1855,,,,,po
1856,1856,,,,,po
1857,1857,,,,,po
1858,1858,,,,,po
1859,1859,,,,,po
1860,1860,,,,,po
1861,1861,,,,,po
1862,1862,,,,,po
1863,1863,,,,,po
1864,1864,,,,,po
1865,1865,,,,,po
1866,1866,,,,,po
1867,1867,,,,,po
1868,1868,,,,,po
1869,1869,,,,,po
1870,1870,,,,,po
1871,1871,,,,,po
1872,1872,,,,,po
1873,1873,,,,,po
1874,1874,,,,,po
1875,1875,,,,,po
1876,1876,,,,,po
1877,1877,,,,,mm
1878,1878,,,,,mm
1879,1879,,,,,mm
1880,1880,,,,,po
1881,1881,,,,,po
1882,1882,,,,,po
1883,1883,,,,,po
1884,1884,,,,,po
1885,1885,,,,,po
1886,1886,,,,,po
1887,1887,,,,,po
1888,1888,,,,,po
1889,1889,,,,,mm
1890,1890,,,,,po
1891,1891,,,,,mm
1892,1892,,,,,mm
1893,1893,,,,,po
1894,1894,,,,,po
1895,1895,,,,,po
1896,1896,,,,,po
1897,1897,MGPM50TN-150Z,,,,po
1898,1898,,,,,po
1899,1899,,,,,mm
1900,1900,,,,,mm
1901,1901,,,,,mm
1902,1902,,,,,po
1903,1903,,,,,po
1904,1904,,,,,po
1905,1905,,,,,mm
1906,1906,,,,,po
1907,1907,,,,,mm
1908,1908,,,,,po
1909,1909,,,,,po
1910,1910,,,,,po
1911,1911,,,,,po
1912,1912,,,,,po
1913,1913,,,,,po
1914,1914,,,,,po
1915,1915,,,,,po
1916,1916,,,,,po
1917,1917,,,,,po
1918,1918,,,,,po
1919,1919,,,,,mm
1920,1920,,,,,po
1921,1921,,,,,po
1922,1922,,,,,po
1923,1923,,,,,po
1924,1924,,,,,mm
1925,1925,,,,,mm
1926,1926,,,,,mm
1927,1927,,,,,mm
1928,1928,,,,,mm
1929,1929,,,,,po
1930,1930,,,,,po
1931,1931,,,,,po
1932,1932,,,,,po
1933,1933,,,,,mm
1934,1934,,,,,mm
1935,1935,,,,,po
1936,1936,,,,,po
1937,1937,,,,,po
1938,1938,,,,,po
1939,1939,,,,,po
1940,1940,,,,,mm
1941,1941,,,,,po
1942,1942,,,,,mm
1943,1943,,,,,po
1944,1944,,,,,po
1945,1945,,,,,po
1946,1946,,,,,po
1947,1947,,,,,po
1948,1948,,,,,po
1949,1949,,,,,po
1950,1950,,,,,po
1951,1951,,,,,po
1952,1952,,,,,po
1953,1953,,,,,po
1954,1954,,,,,mm
1955,1955,,,,,po
1956,1956,,,,,mm
1957,1957,,,,,po
1958,1958,,,,,po
1959,1959,,,,,po
1960,1960,,,,,po
1961,1961,,,,,po
1962,1962,,,,,po
1963,1963,,,,,po
1964,1964,,,,,po
1965,1965,,,,,mm
1966,1966,,,,,po
1967,1967,,,,,po
1968,1968,,,,,po
1969,1969,,,,,po
1970,1970,,,,,po
1971,1971,,,,,po
1972,1972,,,,,po
1973,1973,,,,,po
1974,1974,,,,,po
1975,1975,,,,,po
1976,1976,,,,,po
1977,1977,,,,,po
1978,1978,,,,,po
1979,1979,,,,,po
1980,1980,,,,,po
1981,1981,,,,,po
1982,1982,,,,,po
1983,1983,,,,,po
1984,1984,,,,,po
1985,1985,,,,,mm
1986,1986,,,,,po
1987,1987,,,,,po
1988,1988,,,,,po
1989,1989,,,,,po
1990,1990,,,,,po
1991,1991,,,,,po
1992,1992,,,,,po
1993,1993,,,,,po
1994,1994,,,,,po
1995,1995,,,,,po
1996,1996,,,,,po
1997,1997,,,,,po
1998,1998,,,,,po
1999,1999,,,,,po
2000,2000,,,,,po
2001,2001,,,,,po
2002,2002,,,,,po
2003,2003,,,,,po
2004,2004,,,,,po
2005,2005,,,,,po
2006,2006,,,,,po
2007,2007,,,,,po
2008,2008,,,,,po
2009,2009,,,,,mm
2010,2010,,,,,po
2011,2011,,,,,po
2012,2012,,,,,po
2013,2013,,,,,mm
2014,2014,,,,,po
2015,2015,,,,,po
2016,2016,,,,,po
2017,2017,,,,,po
2018,2018,,,,,po
2019,2019,,,,,mm
2020,2020,,,,,po
2021,2021,,,,,po
2022,2022,,,,,po
2023,2023,,,,,mm
2024,2024,,,,,po
2025,2025,,,,,po
2026,2026,,,,,po
2027,2027,,,,,mm
2028,2028,,,,,mm
2029,2029,,,,,mm
2030,2030,,,,,mm
2031,2031,,,,,mm
2032,2032,,,,,mm
2033,2033,,,,,mm
2034,2034,,,,,mm
2035,2035,,,,,po
2036,2036,,,,,po
2037,2037,,,,,mm
2038,2038,,,,,mm
2039,2039,,,,,mm
2040,2040,,,,,mm
2041,2041,,,,,mm
2042,2042,,,,,mm
2043,2043,,,,,po
2044,2044,,,,,mm
2045,2045,,,,,mm
2046,2046,,,,,mm
2047,2047,,,,,mm
2048,2048,,,,,mm
2049,2049,,,,,po
2050,2050,,,,,po
2051,2051,,,,,mm
2052,2052,,,,,mm
2053,2053,,,,,mm
2054,2054,,,,,mm
2055,2055,,,,,po
2056,2056,,,,,po
2057,2057,,,,,po
2058,2058,,,,,po
2059,2059,,,,,po
2060,2060,,,,,po
2061,2061,,,,,po
2062,2062,,,,,po
2063,2063,,,,,po
2064,2064,,,,,po
2065,2065,,,,,po
2066,2066,,,,,po
2067,2067,,,,,po
2068,2068,,,,,po
2069,2069,,,,,po
2070,2070,,,,,po
2071,2071,,,,,po
2072,2072,,,,,po
2073,2073,,,,,po
2074,2074,,,,,po
2075,2075,,,,,po
2076,2076,,,,,mm
2077,2077,,,,,mm
2078,2078,,,,,po
2079,2079,,,,,mm
2080,2080,,,,,mm
2081,2081,,,,,mm
2082,2082,,,,,mm
2083,2083,,,,,mm
2084,2084,,,,,po
2085,2085,,,,,po
2086,2086,,,,,mm
2087,2087,,,,,mm
2088,2088,,,,,mm
2089,2089,,,,,mm
2090,2090,,,,,mm
2091,2091,,,,,po
2092,2092,,,,,po
2093,2093,,,,,mm
2094,2094,,,,,po
2095,2095,,,,,po
2096,2096,,,,,mm
2097,2097,,,,,po
2098,2098,,,,,po
2099,2099,,,,,po
2100,2100,,,,,mm
2101,2101,,,,,po
2102,2102,,,,,mm
2103,2103,,,,,po
2104,2104,,,,,po
2105,2105,,,,,po
2106,2106,,,,,po
2107,2107,,,,,po
2108,2108,,,,,po
2109,2109,,,,,po
2110,2110,,,,,po
2111,2111,,,,,po
2112,2112,,,,,po
2113,2113,,,,,po
2114,2114,,,,25mm,mm
2115,2115,,,,50mm,mm
2116,2116,,,,,mm
2117,2117,,,,,mm
2118,2118,,,,,mm
2119,2119,,,,,mm
2120,2120,,,,,mm
2121,2121,,,,,mm
2122,2122,,,,,mm
2123,2123,,,,,po
2124,2124,,,,,po
2125,2125,,,,,po
2126,2126,,,,,po
2127,2127,,,,,po
2128,2128,,,,,po
2129,2129,,,,,po
2130,2130,,,,,po
2131,2131,,,,,po
2132,2132,,M2 TAG 314107,,,po
2133,2133,,,,,po
2134,2134,,,,,po
2135,2135,,,,,po
2136,2136,,,,,po
2137,2137,,,,,po
2138,2138,,,,,po
2139,2139,,,,,mm
2140,2140,,,,,mm
2141,2141,,,,,po
2142,2142,,,,,po
2143,2143,,,,,po
2144,2144,,,16-143-037,,po
2145,2145,,,16-144-025,,po
2146,2146,,,18-130-035,,po
2147,2147,,,18-130-039,,po
2148,2148,,,18-131-040,,po
2149,2149,,,18-130-037,,po
2150,2150,,,18-131-039,,po
2151,2151,,,18-131-041,,po
2152,2152,,,,,po
2153,2153,,,,,po
2154,2154,,,,,po
2155,2155,,,,,po
2156,2156,,,,,po
2157,2157,,,,,po
2158,2158,,,,,po
2159,2159,,,,,po
2160,2160,,,,,po
2161,2161,,,,,po
2162,2162,,,,,po
2163,2163,,,,,po
2164,2164,,,,,po
2165,2165,,,,,po
2166,2166,,,,,po
2167,2167,,,,,po
2168,2168,,,,,po
2169,2169,,,,,po
2170,2170,,,,,po
2171,2171,,,,,po
2172,2172,,,,,po
2173,2173,,,,,po
2174,2174,,,,,po
2175,2175,,,,,po
2176,2176,,,,,po
2177,2177,,,,,po
2178,2178,,,,,po
2179,2179,,,,,po
2180,2180,,,,,po
2181,2181,,,,,po
2182,2182,,,,,po
2183,2183,,,,,po
2184,2184,,,,,po
2185,2185,,,,,po
2186,2186,,,,,po
2187,2187,,,,,po
2188,2188,,,,,mm
2189,2189,,,,,po
2190,2190,,,,,po
2191,2191,,,,,po
2192,2192,,,,,mm
2193,2193,,,,,po
2194,2194,,,,,po
2195,2195,,,,,po
2196,2196,,,,,po
2197,2197,,,,,po
2198,2198,,,,,po
2199,2199,,,,,po
2200,2200,,,,,po
2201,2201,,,,,po
2202,2202,,,,,po
2203,2203,,,,,mm
2204,2204,,,,,po
2205,2205,,,,,po
2206,2206,,,,,po
2207,2207,,,,,po
2208,2208,,,,,mm
2209,2209,10 od,5 id,"2,1x0,8",,po
2210,2210,12,6,20,,po
2211,2211,12 OD,6 ID,50 MM,,mm
2212,2212,12 OD,6 ID,80 MM,,mm
2213,2213,14 OD,7ID,80 MM,,mm
2214,2214,14 OD,"8,5",100 mm,ROSE,mm
2215,2215,rose,,,,po
2216,2216,,,,,mm
2217,2217,,,,,mm
2218,2218,,,,,po
2219,2219,,,,,po
2220,2220,,,,,po
2221,2221,,,,,po
2222,2222,,,,,po
2223,2223,,,,,po
2224,2224,,,,,po
2225,2225,,,,,mm
2226,2226,,,,,po
2227,2227,,,,,po
2228,2228,,,,,po
2229,2229,,,,,mm
2230,2230,,,,,mm
2231,2231,,,,,mm
2232,2232,,,,,po
2233,2233,,,,,po
2234,2234,,,,,mm
2235,2235,,,,,mm
2236,2236,,,,,mm
2237,2237,,,,,mm
2238,2238,,,,,mm
2239,2239,,,,,po
2240,2240,,,,,po
2241,2241,,,,,po
2242,2242,,,,,po
2243,2243,,,,,po
2244,2244,,,,,po
2245,2245,,,,,mm
2246,2246,,,,,po
2247,2247,,,,,po
2248,2248,,,,,po
2249,2249,,,,,po
2250,2250,,,,,mm
2251,2251,,,,,mm
2252,2252,,,,,po
2253,2253,,,,,po
2254,2254,,,,,po
2255,2255,,,,,po
2256,2256,,,,,po
2257,2257,,,,,po
2258,2258,,,,,po
2259,2259,,,,,po
2260,2260,,,,,po
2261,2261,,,,,po
2262,2262,,,,,po
2263,2263,,,,,mm
2264,2264,,,,,mm
2265,2265,,,,,mm
2266,2266,,,,,po
2267,2267,,,,,po
2268,2268,,,,,mm
2269,2269,,,,,mm
2270,2270,,,,,po
2271,2271,,,,,mm
2272,2272,,,,,po
2273,2273,,,,,mm
2274,2274,,,,,mm
2275,2275,,,,,mm
2276,2276,,,,,mm
2277,2277,,,,,po
2278,2278,"0,500 ID","1"" LONG",,,po
2279,2279,"0,500 ID","1"" LONG","5/8"" OD",,po
2280,2280,"0,625 ID","3/4"" LONG",,,po
2281,2281,,,,,po
2282,2282,,,,,po
2283,2283,,,,,po
2284,2284,,,,,po
2285,2285,,,,,po
2286,2286,,,,,mm
2287,2287,,,,,po
2288,2288,,,,,po
2289,2289,,,,,po
2290,2290,,,,,po
2291,2291,,,,,mm
2292,2292,,,,,po
2293,2293,,,,,mm
2294,2294,,,,,mm
2295,2295,,,,,mm
2296,2296,,,,,po
2297,2297,,,,,po
2298,2298,,,,,po
2299,2299,,,,,po
2300,2300,,,,,mm
2301,2301,,,,,mm
2302,2302,,,,,po
2303,2303,,,,,po
2304,2304,,,,,po
2305,2305,,,,,mm
2306,2306,,,,,po
2307,2307,,,,,mm
2308,2308,,,,,mm
2309,2309,,,,,po
2310,2310,,,,,po
2311,2311,,,,,po
2312,2312,,,,,po
2313,2313,,,,,po
2314,2314,,,,,po
2315,2315,,,,,po
2316,2316,,,,,po
2317,2317,,,,,po
2318,2318,,,,,mm
2319,2319,,,,,po
2320,2320,,,,,po
2321,2321,,,,,po
2322,2322,,,,,po
2323,2323,,,,,po
2324,2324,,,,,mm
2325,2325,,,,,mm
2326,2326,,,,,po
2327,2327,,,,,po
2328,2328,,,,,mm
2329,2329,,,,,po
2330,2330,,,,,po
2331,2331,,,,,po
2332,2332,,,,,po
2333,2333,,,,,po
2334,2334,,,,,mm
2335,2335,,,,,po
2336,2336,,,,,mm
2337,2337,,,,,mm
2338,2338,,,,,po
2339,2339,,,,,mm
2340,2340,,,,,mm
2341,2341,,,,,po
2342,2342,,,,,po
2343,2343,,,,,po
2344,2344,,,,,po
2345,2345,,,,,po
2346,2346,,,,,po
2347,2347,,,,,po
2348,2348,,,,,po
2349,2349,,,,,po
2350,2350,,,,,po
2351,2351,,,,,mm
2352,2352,,,,,mm
2353,2353,,,,,mm
2354,2354,,,,,po
2355,2355,,,,,mm
2356,2356,,,,,mm
2357,2357,,,,,po
2358,2358,,,,,po
2359,2359,,,,,po
2360,2360,,,,,po
2361,2361,,,,,po
2362,2362,,,,,mm
2363,2363,,,,,po
2364,2364,,,,,po
2365,2365,,,,,po
2366,2366,,,,,po
2367,2367,,,,,po
2368,2368,,,,,po
2369,2369,,,,,po
2370,2370,,,,,mm
2371,2371,,,,,po
2372,2372,,,,,po
2373,2373,,,,,po
2374,2374,,,,,mm
2375,2375,,,,,po
2376,2376,,,,,po
2377,2377,,,,,po
2378,2378,,,,,po
2379,2379,,,,,mm
2380,2380,,,,,po
2381,2381,,,,,mm
2382,2382,,,,,po
2383,2383,,,,,mm
2384,2384,,,,,po
2385,2385,,,,,po
2386,2386,,,,,mm
2387,2387,,,,,po
2388,2388,,,,,po
2389,2389,,,,,po
2390,2390,,,,,mm
2391,2391,,,,,po
2392,2392,,,,,po
2393,2393,,,,,po
2394,2394,,,,,po
2395,2395,,,,,po
2396,2396,,,,,po
2397,2397,,,,,po
2398,2398,,,,,po
2399,2399,,,,,po
2400,2400,,,,,po
2401,2401,,,,,po
2402,2402,,,,,po
2403,2403,,,,,po
2404,2404,0.25,"5,000",,144,po
2405,2405,0.25,"6,000",,120,po
2406,2406,1,1,0.065,288,po
2407,2407,,,,,po
2408,2408,,,,,po
2409,2409,,,,,po
2410,2410,,,,,po
2411,2411,,,,,po
2412,2412,,,,,po
2413,2413,,,,,po
2414,2414,,,,,po
2415,2415,,,,,po
2416,2416,,,,,po
2417,2417,,,,,po
2418,2418,,,,,po
2419,2419,,,,,po
2420,2420,,,,,po
2421,2421,,,,,po
2422,2422,,,,,po
2423,2423,,,,,po
2424,2424,,,,,po
2425,2425,,,,,po
2426,2426,,,,,po
2427,2427,,,,,po
2428,2428,,,,,po
2429,2429,,,,,po
2430,2430,,,,,po
2431,2431,,,,,po
2432,2432,,,,,po
2433,2433,,,,,po
2434,2434,,,,,po
2435,2435,,,,,po
2436,2436,,,,,po
2437,2437,,,,,po
2438,2438,,,,,mm
2439,2439,,,,,mm
2440,2440,PK/100,,,,po
2441,2441,,,,,po
2442,2442,,,,,po
2443,2443,,,,,po
2444,2444,,,,,po
2445,2445,,,,,po
2446,2446,,,,,po
2447,2447,,,,,po
2448,2448,,,,,mm
2449,2449,,,,,mm
2450,2450,,,,,mm
2451,2451,,,,,po
2452,2452,,,,,po
2453,2453,,,,,po
2454,2454,,,,,po
2455,2455,,,,,mm
2456,2456,,,,,mm
2457,2457,,,,,mm
2458,2458,,,,,mm
2459,2459,,,,,mm
2460,2460,,,,,mm
2461,2461,,,,,mm
2462,2462,,,,,mm
2463,2463,,,,,mm
2464,2464,,,,,mm
2465,2465,,,,,mm
2466,2466,,,,,mm
2467,2467,,,,,mm
2468,2468,,,,,mm
2469,2469,,,,,mm
2470,2470,,,,,mm
2471,2471,,,,,mm
2472,2472,,,,,mm
2473,2473,,,,,po
2474,2474,,,,,mm
2475,2475,,,,,mm
2476,2476,,,,,mm
2477,2477,,,,,mm
2478,2478,,,,,mm
2479,2479,,,,,mm
2480,2480,,,,,mm
2481,2481,,,,,mm
2482,2482,,,,,mm
2483,2483,,,,,mm
2484,2484,,,,,mm
2485,2485,,,,,mm
2486,2486,,,,,mm
2487,2487,,,,,mm
2488,2488,,,,,mm
2489,2489,,,,,mm
2490,2490,,,,,mm
2491,2491,,,,,mm
2492,2492,,,,,po
2493,2493,,,,,mm
2494,2494,,,,,mm
2495,2495,,,,,mm
2496,2496,,,,,mm
2497,2497,,,,,po
2498,2498,,,,,po
2499,2499,,,,,po
2500,2500,,,,,po
2501,2501,,,,,po
2502,2502,,,,,po
2503,2503,,,,,po
2504,2504,,,,,mm
2505,2505,,,,,mm
2506,2506,,,,,mm
2507,2507,,,,,po
2508,2508,,,,,po
2509,2509,,,,,mm
2510,2510,,,,,mm
2511,2511,,,,,mm
2512,2512,,,,,mm
2513,2513,,,,,mm
2514,2514,,,,,mm
2515,2515,,,,,mm
2516,2516,,,,,mm
2517,2517,,,,,mm
2518,2518,,,,,mm
2519,2519,,,,,mm
2520,2520,,,,,mm
2521,2521,,,,,mm
2522,2522,,,,,mm
2523,2523,,,,,mm
2524,2524,,,,,po
2525,2525,,,,,po
2526,2526,,,,,po
2527,2527,,,,,po
2528,2528,,,,,po
2529,2529,,,,,mm
2530,2530,,,,,mm
2531,2531,,,,,mm
2532,2532,,,,,mm
2533,2533,,,,,mm
2534,2534,,,,,mm
2535,2535,,,,,mm
2536,2536,,,,,mm
2537,2537,,,,,mm
2538,2538,,,,,mm
2539,2539,,,,,mm
2540,2540,,,,,po
2541,2541,,,,,po
2542,2542,,,,,po
2543,2543,,,,,po
2544,2544,,,,,po
2545,2545,,,,,po
2546,2546,,,,,po
2547,2547,,,,,po
2548,2548,,,,,po
2549,2549,,,,,po
2550,2550,,,,,po
2551,2551,,,,,po
2552,2552,,,,,po
2553,2553,,,,,mm
2554,2554,,,,,mm
2555,2555,,,,,po
2556,2556,,,,,mm
2557,2557,,,,,mm
2558,2558,,,,,mm
2559,2559,,,,,mm
2560,2560,,,,,mm
2561,2561,,,,,mm
2562,2562,,,,,mm
2563,2563,,,,,mm
2564,2564,,,,,mm
2565,2565,,,,,po
2566,2566,,,,,po
2567,2567,,,,,mm
2568,2568,,,,,mm
2569,2569,,,,,mm
2570,2570,,,,,mm
2571,2571,,,,,mm
2572,2572,,,,,mm
2573,2573,,,,,mm
2574,2574,,,,,mm
2575,2575,,,,,mm
2576,2576,,,,,mm
2577,2577,,,,,mm
2578,2578,,,,,mm
2579,2579,,,,,mm
2580,2580,,,,,mm
2581,2581,,,,,mm
2582,2582,,,,,mm
2583,2583,,,,,mm
2584,2584,,,,,mm
2585,2585,,,,,mm
2586,2586,,,,,mm
2587,2587,,,,,mm
2588,2588,,,,,mm
2589,2589,,,,,mm
2590,2590,,,,,po
2591,2591,,,,,mm
2592,2592,,,,,po
2593,2593,,,,,po
2594,2594,,,,,po
2595,2595,,,,,po
2596,2596,,,,,po
2597,2597,,,,,po
2598,2598,,,,,mm
2599,2599,,,,,mm
2600,2600,,,,,po
2601,2601,,,,,mm
2602,2602,,,,,mm
2603,2603,,,,,mm
2604,2604,,,,,po
2605,2605,,,,,po
2606,2606,,,,,po
2607,2607,,,,,mm
2608,2608,,,,,po
2609,2609,,,,,po
2610,2610,,,,,po
2611,2611,,,,,po
2612,2612,,,,,po
2613,2613,,,,,po
2614,2614,,,,,po
2615,2615,,,,,mm
2616,2616,,,,,po
2617,2617,,,,,po
2618,2618,,,,,po
2619,2619,,,,,po
2620,2620,,,,,po
2621,2621,,,,,po
2622,2622,,,,,po
2623,2623,,,,,po
2624,2624,,,,,po
2625,2625,,,,,po
2626,2626,,,,,po
2627,2627,,,,,po
2628,2628,,,,,po
2629,2629,,,,,po
2630,2630,,,,,po
2631,2631,,,,,po
2632,2632,,,,,po
2633,2633,,,,,po
2634,2634,,,,,po
2635,2635,,,,,po
2636,2636,,,,,po
2637,2637,,,,,mm
2638,2638,,,,,mm
2639,2639,,,,,mm
2640,2640,,,,,mm
2641,2641,,,,,mm
2642,2642,,,,,mm
2643,2643,,,,,mm
2644,2644,,,,,po
2645,2645,,,,,po
2646,2646,,,,,po
2647,2647,,,,,po
2648,2648,,,,,po
2649,2649,,,,,po
2650,2650,,,,,po
2651,2651,,,,,po
2652,2652,,,,,po
2653,2653,,,,,po
2654,2654,,,,,mm
2655,2655,,,,,mm
2656,2656,,,,,mm
2657,2657,,,,,mm
2658,2658,,,,,mm
2659,2659,,,,,mm
2660,2660,IMPERIAL,270 MX,,,po
2661,2661,METRIC,280 MX,,,po
2662,2662,,,,,po
2663,2663,,,,,po
2664,2664,,,,,po
2665,2665,,,,,po
2666,2666,,,,,po
2667,2667,,,,,po
2668,2668,,,,,po
2669,2669,,,,,po
2670,2670,1 LBS,,,,po
2671,2671,1 BLS,,,,po
2672,2672,1 LBS,,,,po
2673,2673,1 lbs,,,,po
2674,2674,1 LBS,,,,po
2675,2675,,,,,po
2676,2676,,,,,po
2677,2677,,,,,po
2678,2678,,,,,po
2679,2679,,,,,po
2680,2680,,,,,po
2681,2681,,,,,po
2682,2682,,,,,po
2683,2683,,,,,po
2684,2684,,,,,po
2685,2685,,,,,po
2686,2686,,,,,po
2687,2687,,,,,po
2688,2688,,,,,mm
2689,2689,,,,,mm
2690,2690,,,,,mm
2691,2691,,,,,mm
2692,2692,,,,,mm
2693,2693,,,,,mm
2694,2694,,,,,mm
2695,2695,,,,,po
2696,2696,,,,,po
2697,2697,,,,,po
2698,2698,,,,,po
2699,2699,,,,,mm
2700,2700,,,,,mm
2701,2701,,,,,po
2702,2702,,,,,po
2703,2703,,,,,po
2704,2704,,,,,po
2705,2705,,,,,po
2706,2706,,,,,po
2707,2707,,,,,po
2708,2708,,,,,mm
2709,2709,,,,,po
2710,2710,,,,,po
2711,2711,,,,,po
2712,2712,,,,,po
2713,2713,,,,,po
2714,2714,,,,,po
2715,2715,,,,,po
2716,2716,,,,,po
2717,2717,,,,,po
2718,2718,,,,,po
2719,2719,,,,,po
2720,2720,,,,,po
2721,2721,,,,,po
2722,2722,,,,,po
2723,2723,,,,,po
2724,2724,,,,,po
2725,2725,,,,,po
2726,2726,,,,,po
2727,2727,,,,,po
2728,2728,,,,,po
2729,2729,,,,,po
2730,2730,,,,,po
2731,2731,,,,,po
2732,2732,,,,,po
2733,2733,,,,,po
2734,2734,,,,,po
2735,2735,,,,,mm
2736,2736,,,,,mm
2737,2737,,,,,mm
2738,2738,,,,,mm
2739,2739,,,,,mm
2740,2740,,,,,mm
2741,2741,,,,,mm
2742,2742,,,,,mm
2743,2743,,,,,mm
2744,2744,,,,,mm
2745,2745,,,,,mm
2746,2746,,,,,po
2747,2747,,,,,po
2748,2748,,,,,mm
2749,2749,,,,,mm
2750,2750,,,,,mm
2751,2751,,,,,mm
2752,2752,,,,,mm
2753,2753,,,,,mm
2754,2754,,,,,po
2755,2755,,,,,po
2756,2756,,,,,po
2757,2757,,,,,po
2758,2758,,,,,mm
2759,2759,,,,,mm
2760,2760,,,,,mm
2761,2761,,,,,po
2762,2762,,,,,po
2763,2763,,,,,po
2764,2764,,,,,mm
2765,2765,,,,,po
2766,2766,,,,,po
2767,2767,,,,,po
2768,2768,,,,,mm
2769,2769,,,,,po
2770,2770,,,,,mm
2771,2771,,,,,mm
2772,2772,,,,,po
2773,2773,,,,,po
2774,2774,,,,,mm
2775,2775,,,,,po
2776,2776,,,,,mm
2777,2777,,,,,po
2778,2778,,,,,po
2779,2779,,,,,po
2780,2780,,,,,po
2781,2781,,,,,po
2782,2782,,,,,po
2783,2783,,,,,po
2784,2784,,,,,po
2785,2785,,,,,po
2786,2786,,,,,po
2787,2787,,,,,po
2788,2788,,,,,po
2789,2789,,,,,po
2790,2790,,,,,po
2791,2791,,,,,po
2792,2792,,,,,po
2793,2793,,,,,po
2794,2794,,,,,po
2795,2795,,,,,po
2796,2796,,,,,po
2797,2797,,,,,po
2798,2798,,,,,mm
2799,2799,,,,,mm
2800,2800,,,,,mm
2801,2801,,,,,mm
2802,2802,,,,,mm
2803,2803,,,,,mm
2804,2804,,,,,mm
2805,2805,,,,,po
2806,2806,,,,,po
2807,2807,,,,,mm
2808,2808,,,,,mm
2809,2809,,,,,mm
2810,2810,,,,,mm
2811,2811,,,,,mm
2812,2812,,,,,mm
2813,2813,,,,,mm
2814,2814,,,,,mm
2815,2815,,,,,po
2816,2816,,,,,po
2817,2817,,,,,po
2818,2818,,,,,po
2819,2819,,,,,po
2820,2820,,,,,mm
2821,2821,,,,,po
2822,2822,,,,,po
2823,2823,,,,,po
2824,2824,,,,,po
2825,2825,,,,,po
2826,2826,,,,,po
2827,2827,,,,,po
2828,2828,,,,,po
2829,2829,,,,,po
2830,2830,,,,,po
2831,2831,,,,,po
2832,2832,,,,,po
2833,2833,,,,,po
2834,2834,,,,,po
2835,2835,,,,,po
2836,2836,,,,,po
2837,2837,,,,,mm
2838,2838,,,,,po
2839,2839,,,,,mm
2840,2840,,,,,mm
2841,2841,,,,,mm
2842,2842,,,,,po
2843,2843,,,,,po
2844,2844,,,,,mm
2845,2845,,,,,po
2846,2846,,,,,po
2847,2847,,,,,po
2848,2848,,,,,po
2849,2849,,,,,mm
2850,2850,,,,,po
2851,2851,15MM,14.3MM,1MM,,mm
2852,2852,,,,,po
2853,2853,,,,,po
2854,2854,,,,,po
2855,2855,,,,,po
2856,2856,,,,,po
2857,2857,,,,,po
2858,2858,,,,,po
2859,2859,,,,,po
2860,2860,,,,,po
2861,2861,,,,,po
2862,2862,,,,,po
2863,2863,,,,,po
2864,2864,,,,,po
2865,2865,,,,,po
2866,2866,,,,,po
2867,2867,,,,,po
2868,2868,,,,,po
2869,2869,,,,,po
2870,2870,,,,,po
2871,2871,,,,,po
2872,2872,,,,,po
2873,2873,,,,,po
2874,2874,,,,,po
2875,2875,,,,,po
2876,2876,,,,,po
2877,2877,,,,,po
2878,2878,,,,,po
2879,2879,,,,,po
2880,2880,,,,,po
2881,2881,,,,,po
2882,2882,,,,,po
2883,2883,,,,,po
2884,2884,,,,,po
2885,2885,,,,,po
2886,2886,,,,,po
2887,2887,,,,,po
2888,2888,,,,,po
2889,2889,,,,,po
2890,2890,,,,,po
2891,2891,,,,,po
2892,2892,,,,,po
2893,2893,,,,,po
2894,2894,,,,,po
2895,2895,,,,,po
2896,2896,,,,,po
2897,2897,,,,,po
2898,2898,,,,,po
2899,2899,,,,,po
2900,2900,,,,,po
2901,2901,,,,,po
2902,2902,,,,,po
2903,2903,,,,,po
2904,2904,,,,,po
2905,2905,,,,,po
2906,2906,,,,,po
2907,2907,,,,,po
2908,2908,,,,,po
2909,2909,,,,,po
2910,2910,,,,,po
2911,2911,,,,,po
2912,2912,,,,,po
2913,2913,,,,,po
2914,2914,,,,,po
2915,2915,,,,,po
2916,2916,,,,,po
2917,2917,,,,,po
2918,2918,,,,,po
2919,2919,,,,,po
2920,2920,,,,,po
2921,2921,,,,,po
2922,2922,,,,,po
2923,2923,,,,,po
2924,2924,,,,,po
2925,2925,,,,,po
2926,2926,,,,,po
2927,2927,,,,,po
2928,2928,,,,,po
2929,2929,,,,,po
2930,2930,,,,,po
2931,2931,,,,,po
2932,2932,,,,,po
2933,2933,,,,,po
2934,2934,,,,,po
2935,2935,,,,,po
2936,2936,,,,,po
2937,2937,,,,,po
2938,2938,,,,,po
2939,2939,,,,,po
2940,2940,,,,,po
2941,2941,,,,,po
2942,2942,,,,,po
2943,2943,,,,,po
2944,2944,,,,,po
2945,2945,,,,,po
2946,2946,,,,,po
2947,2947,,,,,po
2948,2948,,,,,po
2949,2949,,,,,po
2950,2950,,,,,mm
2951,2951,,,,,mm
2952,2952,,,,,mm
2953,2953,,,,,po
2954,2954,,,,,mm
2955,2955,,,,,mm
2956,2956,,,,,po
2957,2957,,,,,po
2958,2958,,,,,po
2959,2959,,,,,po
2960,2960,,,,,po
2961,2961,,,,,po
2962,2962,,,,,po
2963,2963,,,,,po
2964,2964,,,,,po
2965,2965,,,,,po
2966,2966,,,,,po
2967,2967,,,,,po
2968,2968,,,,,po
2969,2969,,,,,po
2970,2970,,,,,po
2971,2971,,,,,po
2972,2972,,,,,po
2973,2973,,,,,po
2974,2974,,,,,po
2975,2975,,,,,po
2976,2976,,,,,po
2977,2977,,,,,po
2978,2978,,,,,po
2979,2979,,,,,po
2980,2980,,,,,po
2981,2981,,,,,po
2982,2982,,,,,po
2983,2983,,,,,po
2984,2984,,,,,po
2985,2985,,,,,po
2986,2986,,,,,po
2987,2987,,,,,po
2988,2988,,,,,po
2989,2989,,,,,po
2990,2990,,,,,po
2991,2991,,,,,po
2992,2992,,,,,po
2993,2993,,,,,po
2994,2994,,,,,po
2995,2995,,,,,po
2996,2996,,,,,po
2997,2997,,,,,po
2998,2998,,,,,po
2999,2999,,,,,po
3000,3000,,,,,po
3001,3001,,,,,po
3002,3002,,,,,po
3003,3003,,,,,po
3004,3004,,,,,po
3005,3005,,,,,po
3006,3006,,,,,po
3007,3007,,,,,po
3008,3008,,,,,po
3009,3009,,,,,mm
3010,3010,,,,,mm
3011,3011,,,,,po
3012,3012,,,,,mm
3013,3013,,,,,po
3014,3014,,,,,po
3015,3015,,,,,mm
3016,3016,,,,,mm
3017,3017,,,,,mm
3018,3018,,,,,po
3019,3019,,,,,mm
3020,3020,,,,,mm
3021,3021,,,,,mm
3022,3022,,,,,mm
3023,3023,,,,,mm
3024,3024,,,,,mm
3025,3025,,,,,mm
3026,3026,,,,,mm
3027,3027,,,,,mm
3028,3028,,,,,mm
3029,3029,,,,,mm
3030,3030,,,,,mm
3031,3031,,,,,mm
3032,3032,,,,,mm
3033,3033,,,,,mm
3034,3034,,,,,mm
3035,3035,,,,,mm
3036,3036,,,,,mm
3037,3037,,,,,mm
3038,3038,,,,,mm
3039,3039,,,,,mm
3040,3040,,,,,mm
3041,3041,,,,,mm
3042,3042,,,,,mm
3043,3043,,,,,mm
3044,3044,,,,,mm
3045,3045,,,,,mm
3046,3046,,,,,mm
3047,3047,,,,,mm
3048,3048,,,,,mm
3049,3049,,,,,mm
3050,3050,,,,,mm
3051,3051,,,,,mm
3052,3052,,,,,mm
3053,3053,,,,,mm
3054,3054,,,,,mm
3055,3055,,,,,mm
3056,3056,,,,,mm
3057,3057,,,,,po
3058,3058,,,,,po
3059,3059,,,,,po
3060,3060,,,,,po
3061,3061,,,,,po
3062,3062,,,,,po
3063,3063,,,,,po
3064,3064,,,,,po
3065,3065,,,,,po
3066,3066,,,,,po
3067,3067,,,,,po
3068,3068,,,,,po
3069,3069,,,,,po
3070,3070,,,,,po
3071,3071,,,,,po
3072,3072,,,,,po
3073,3073,,,,,mm
3074,3074,,,,,po
3075,3075,,,,,po
3076,3076,,,,,po
3077,3077,,,,,po
3078,3078,,,,,po
3079,3079,,,,,po
3080,3080,,,,,po
3081,3081,,,,,mm
3082,3082,,,,,po
3083,3083,,,,,mm
3084,3084,,,,,mm
3085,3085,,,,,mm
3086,3086,,,,,mm
3087,3087,,,,,mm
3088,3088,,,,,mm
3089,3089,,,,,mm
3090,3090,,,,,po
3091,3091,,,,,mm
3092,3092,,,,,mm
3093,3093,,,,,po
3094,3094,,,,,po
3095,3095,,,,,po
3096,3096,,,,,mm
3097,3097,,,,,po
3098,3098,,,,,po
3099,3099,,,,,po
3100,3100,,,,,po
3101,3101,,,,,po
3102,3102,,,,,po
3103,3103,,,,,po
3104,3104,,,,,po
3105,3105,,,,,po
3106,3106,,,,,po
3107,3107,,,,,po
3108,3108,,,,,po
3109,3109,,,,,po
3110,3110,,,,,po
3111,3111,,,,,po
3112,3112,,,,,po
3113,3113,,,,,po
3114,3114,,,,,po
3115,3115,,,,,po
3116,3116,,,,,po
3117,3117,,,,,po
3118,3118,,,,,po
3119,3119,,,,,po
3120,3120,,,,,po
3121,3121,,,,,po
3122,3122,,,,,po
3123,3123,,,,,po
3124,3124,,,,,po
3125,3125,,,,,po
3126,3126,,,,,po
3127,3127,,,,,po
3128,3128,,,,,po
3129,3129,,,,,po
3130,3130,,,,,po
3131,3131,,,,,po
3132,3132,,,,,po
3133,3133,,,,,po
3134,3134,,,,,po
3135,3135,,,,,po
3136,3136,,,,,po
3137,3137,,,,,mm
3138,3138,,,,,mm
3139,3139,,,,,mm
3140,3140,,,,,mm
3141,3141,,,,,mm
3142,3142,,,,,mm
3143,3143,,,,,mm
3144,3144,,,,,mm
3145,3145,,,,,mm
3146,3146,,,,,mm
3147,3147,,,,,mm
3148,3148,,,,,mm
3149,3149,,,,,mm
3150,3150,,,,,mm
3151,3151,,,,,mm
3152,3152,,,,,mm
3153,3153,,,,,mm
3154,3154,,,,,mm
3155,3155,,,,,po
3156,3156,,,,,mm
3157,3157,,,,,mm
3158,3158,,,,,mm
3159,3159,,,,,po
3160,3160,,,,,mm
3161,3161,,,,,mm
3162,3162,,,,,mm
3163,3163,,,,,mm
3164,3164,,,,,mm
3165,3165,,,,,mm
3166,3166,,,,,mm
3167,3167,,,,,mm
3168,3168,,,,,mm
3169,3169,,,,,mm
3170,3170,,,,,mm
3171,3171,,,,,po
3172,3172,,,,,po
3173,3173,,,,,po
3174,3174,,,,,mm
3175,3175,,,,,mm
3176,3176,,,,,mm
3177,3177,,,,,mm
3178,3178,,,,,mm
3179,3179,,,,,mm
3180,3180,,,,,po
3181,3181,,,,,mm
3182,3182,,,,,po
3183,3183,,,,,po
