id,produit_id,prix,date_changement
1,13,60.78,2018-05-08
2,20,132.8,2019-10-25
3,21,122,2018-05-08
4,22,142.4889,2021-05-17
5,24,9.19,2018-05-08
6,25,3.83,2019-10-29
7,26,49.14,2018-08-23
8,34,196.32,2021-06-14
9,35,110.4,2019-08-16
10,36,141.12,2018-11-23
11,36,174.48,2021-06-07
12,37,271.68,2021-11-12
13,38,132.4,2021-06-14
14,39,359.76,2021-06-14
15,40,139,2021-08-04
16,41,255,2021-08-04
17,42,151,2021-08-18
18,43,13.112,2021-06-07
19,44,21.69,2018-05-02
20,45,16.6,2021-01-21
21,46,28.32,2018-05-02
22,47,32.55,2018-07-20
23,48,28.644,2021-12-01
24,49,42.495,2021-01-21
25,50,42.949,2021-02-16
26,51,65,2020-12-04
27,52,91.107,2020-09-17
28,53,54.465,2021-06-16
29,54,98.47,2021-06-16
30,55,188.18,01-28-2016
31,56,601.4,2021-06-02
32,57,772.43,2021-06-02
33,58,9.48,2021-06-16
34,59,9.2,2018-10-05
35,60,18.955,2021-06-16
36,61,14.6,2018-06-15
37,62,28.435,2021-06-16
38,63,12.55,2021-06-16
39,64,18.9725,2021-06-16
40,65,25.295,2021-06-16
41,66,28.17,2018-06-15
42,67,37.5875,2021-06-16
43,68,25.47,2017-12-22
44,69,50.116,2021-06-16
45,70,62.39,2021-06-16
46,71,57.57,2020-10-07
47,72,29.55,2020-10-07
48,73,64.72,2021-11-12
49,74,59.11,2020-10-07
50,75,124.85,2021-11-12
51,76,38.5,2019-04-10
52,77,76.3,2021-06-16
53,78,103.0875,2021-06-16
54,79,154.63,2021-06-16
55,80,221.95,2021-06-16
56,81,50.22,2017-08-14
57,82,25.94,03-09-2017
58,83,11.25,2016-09-20
59,84,14.33,2018-11-23
60,85,48.23,2017-12-01
61,86,32.81,2016-01-11
62,87,57.96,2021-08-04
63,88,12.93,2016-03-14
64,89,41.086,2021-08-04
65,90,46.94375,2021-11-12
66,91,21.94,2016-04-22
67,92,22.59,2016-02-01
68,93,58.558,2021-06-16
69,94,47.65,2016-01-11
70,95,38.83,2016-02-01
71,96,83.08,2021-06-16
72,97,139.36,2021-06-16
73,98,78.52,2017-08-14
74,99,30.85,2016-04-22
75,100,221.77,2021-06-16
76,101,103.68,2018-05-22
77,102,404.195,2021-06-16
78,103,482.135,2021-06-16
79,104,382.18,2020-09-17
80,105,935.445,2021-11-12
81,106,912.59,2020-11-23
82,107,80.54,2021-09-03
83,108,111.6326,2021-11-12
84,109,134.134,2021-11-12
85,110,76.45,2017-08-14
86,111,102.98,2017-08-14
87,112,249.44,2021-08-11
88,113,163.93,2020-09-17
89,114,464.09,2021-06-16
90,115,577.335,2021-06-16
91,116,382.81,2020-05-11
92,117,12.95,2016-03-30
93,118,30.45,2020-05-05
94,120,75.55,2021-04-30
95,121,11.63,2021-09-03
96,122,48.88,2021-06-16
97,123,195.52,2021-06-16
98,124,97.2,03-09-2017
99,125,176.16,2016-05-01
100,126,69.68,2021-08-11
101,127,44.54,2021-06-16
102,128,36.89,2021-06-16
103,129,48.945,2021-11-12
104,130,48.83,2021-09-03
105,131,67.2175,2021-11-12
106,132,84.125,2021-06-16
107,133,100.62,2021-06-16
108,134,138.51,2021-08-11
109,135,173.35,2021-08-11
110,136,201.899,2021-06-16
111,138,159.04,2016-04-22
112,139,134.435,2021-06-16
113,140,201.24,2021-06-16
114,141,277.44,2021-08-11
115,142,344.66,2021-11-12
116,143,403.576,2021-11-12
117,144,325.84,2016-08-09
118,145,242.66,2020-09-17
119,146,110.35,2021-04-28
120,147,404.13,2021-06-16
121,148,357.87,2017-12-01
122,149,265.1,2018-08-23
123,150,537.74,2021-06-16
124,151,455.79,2019-02-28
125,152,542.85,2019-04-05
126,153,12.32,2020-06-09
127,154,27.29,2020-10-07
128,155,81.37,2021-11-12
129,156,97.47,2021-05-11
130,157,143.7,2021-06-16
131,158,506.4,2020-02-05
132,159,77,2019-10-01
133,160,95,2018-08-15
134,161,189,2018-01-03
135,162,120,2016-02-19
136,163,189,02-08-2017
137,164,101,2016-02-19
138,165,146,2016-02-19
139,166,192,2016-02-19
140,167,238,2016-02-19
141,168,379,2019-10-01
142,169,149,2021-03-15
143,170,119,2019-10-01
144,171,195,2021-03-15
145,172,259,2019-06-06
146,173,395,2021-03-15
147,174,100.1,2018-07-11
148,175,33.84,2020-04-29
149,176,224.36,2021-04-08
150,177,187.6,2019-09-04
151,178,310.25,2021-06-07
152,179,67.68,2018-11-20
153,180,406.08,2018-11-20
154,181,100.8,2021-04-08
155,182,280.12,2021-03-08
156,183,262.7,2019-03-14
157,184,339.15,2021-03-08
158,185,450.87,2021-03-08
159,186,485,2017-12-22
160,187,437.71,2016-04-29
161,187,574.6,2019-11-04
162,188,690.27,2021-03-08
163,189,785,2019-01-03
164,190,655.27,2016-04-22
165,191,266.96,2020-02-27
166,192,533.36,2016-03-30
167,193,916.5,2018-02-07
168,193,972.9,2019-01-03
169,194,1213.42,2021-04-28
170,195,1020.17,2017-05-08
171,196,797.68,2016-03-30
172,197,165.95,2021-04-07
173,198,0,2019-01-28
174,199,0,2016-01-28
175,200,0,2019-03-04
176,201,0,2016-10-25
177,202,3.4,2018-08-23
178,203,35.74,2020-02-05
179,204,10.06,2016-08-29
180,205,44.88,2016-10-06
181,207,16.48,2020-01-29
182,209,5.8,2016-01-19
183,210,18.19,2018-06-27
184,211,204.77,2018-11-10
185,212,20,2016-04-06
186,213,10.4,2021-06-16
187,216,30.35,2021-06-18
188,217,41.82,2020-07-07
189,218,0.79,2018-10-01
190,219,15.95,2018-04-23
191,220,19.5,2021-03-05
192,221,8.42,2021-09-27
193,222,9.57,2021-09-27
194,223,15.2,2019-04-03
195,224,85.26,2018-01-31
196,225,137.47,2019-08-08
197,226,15.95,2020-12-09
198,227,15,2020-07-07
199,228,12.96,2018-06-05
200,229,12.96,2018-06-05
201,230,9.07,2018-06-05
202,231,18.14,2018-06-05
203,232,12.96,2018-06-05
204,233,40.98,2021-09-27
205,234,44.56,2021-09-27
206,235,116.92,2021-02-16
207,236,7.57,2021-02-26
208,237,4.48,2021-02-26
209,238,9.54,2021-02-26
210,239,10.13,2021-02-26
211,240,13.98,2021-02-26
212,241,78.75,2021-02-25
213,242,191.25,2021-01-15
214,243,13.4,2021-02-22
215,244,276.32,2020-06-16
216,245,168.75,2021-02-15
217,246,274.5,2021-02-15
218,247,64.18,2021-01-15
219,248,58.31,2021-01-15
220,249,11.29,2018-05-04
221,250,11.69,2018-08-23
222,251,22.93,2021-02-26
223,252,29.4,2021-02-26
224,253,288.17,2019-09-10
225,254,1549.55,2020-06-16
226,255,824.5,2020-06-16
227,256,14.27,2021-02-26
228,257,113.05,2020-06-16
229,258,4.03,2019-09-10
230,259,5.41,2019-09-10
231,260,4.62,2015-12-07
232,261,8.06,2019-09-10
233,262,3.51,2019-09-10
234,263,7.06,2021-02-16
235,265,71.7,2020-12-22
236,266,68.55,2019-09-27
237,267,3.21,2020-12-22
238,268,1.35,2019-08-21
239,269,1.97,2019-08-21
240,270,7,2021-03-22
241,271,2.64,2019-08-21
242,272,10,2021-08-16
243,273,27.98,2021-02-26
244,274,55.07,2018-05-04
245,275,20.6,2021-02-26
246,276,2.85,2021-03-04
247,277,12.95,2016-02-02
248,278,4.8639,2021-03-10
249,279,1.9,2018-08-23
250,280,11.1,2021-02-26
251,281,184.35,2016-01-21
252,282,29.9,2015-12-29
253,283,51,2015-12-29
254,284,30.5,2015-12-29
255,285,54.8,2015-12-29
256,286,1346.84,2020-08-07
257,287,1665.85,2020-06-16
258,288,35.14,2019-10-01
259,289,12.85,2021-02-16
260,290,18.553,2021-02-16
261,291,267.73,2021-01-29
262,292,87.37,2021-03-11
263,293,88.4,2020-06-16
264,294,74.17,2016-02-02
265,295,404.6,2020-06-16
266,296,21.21,2019-08-21
267,297,3.38,2020-10-15
268,298,27.0094,2021-03-10
269,299,2.48,2020-10-15
270,300,1780,2016-01-25
271,301,3.98,2021-02-26
272,302,7.97,2021-03-22
273,303,12.46,2021-03-22
274,304,13.87,2021-03-22
275,305,15.48,2021-03-22
276,306,0.96,2021-02-26
277,307,5370.44,2020-08-07
278,308,331.31,2020-08-07
279,309,8550,2020-08-07
280,310,70,2020-08-07
281,311,190,2020-08-07
282,313,3.15,2021-06-25
283,314,1.92,2021-06-25
284,315,13.2,2021-06-25
285,316,12.45,2018-08-23
286,317,11.95,2018-08-23
287,318,621.28,2020-06-16
288,319,689.92,2020-06-16
289,320,776.16,2020-06-16
290,321,68.99,2021-01-15
291,322,555,2021-08-18
292,323,281.35,2020-06-16
293,324,221,2020-06-16
294,325,257.55,2020-06-16
295,326,46.66,2020-06-16
296,327,0,2020-06-16
297,328,8.32,2021-01-29
298,329,152,2021-08-16
299,330,7.5,2019-08-21
300,331,351.59,2021-08-16
301,332,70.09,2021-03-11
302,333,869.55,2020-06-16
303,334,40.23,2019-09-10
304,335,12.7,2018-08-23
305,336,15.94,2018-08-23
306,337,44.81,2016-06-10
307,338,11.31,2021-01-15
308,339,1.76,2019-09-16
309,340,7.62,2019-09-16
310,341,51.82,2020-08-25
311,342,160.15,2020-08-24
312,343,13.01,2019-08-21
313,344,13.01,2019-08-21
314,345,13.01,2019-08-21
315,346,13.01,2019-08-21
316,347,153.49,2019-10-01
317,348,40.259,2021-03-15
318,349,44.498,2021-03-15
319,350,885,2021-02-25
320,351,921.4,2021-01-15
321,352,921.4,2020-06-16
322,353,1079.5,2020-06-16
323,354,39.02,2021-02-26
324,355,86.36,2020-06-05
325,356,48.48,2019-09-16
326,357,53.45,2019-09-16
327,358,247.35,2021-03-08
328,359,26.07,2020-12-22
329,360,21.09,2021-03-11
330,361,22.25,2021-03-11
331,362,12.57,2021-03-11
332,363,12.57,2021-03-11
333,364,14.71,2021-03-11
334,365,14.71,2021-03-11
335,366,12.57,2021-03-11
336,367,12.57,2021-03-11
337,368,13.96,2021-03-11
338,369,23.84,2021-03-08
339,370,17.96,2021-03-11
340,371,13.96,2021-03-11
341,372,23.84,2021-03-08
342,373,9.81,2021-02-26
343,374,10.33,2021-02-26
344,375,36.5,2020-06-05
345,376,95.56,2020-06-05
346,377,41.2,2021-02-23
347,378,104.85,2021-06-21
348,379,86.36,2020-06-08
349,380,26.8,2020-09-01
350,381,21.65,2020-09-01
351,382,27.15,2020-09-01
352,383,17.4,2020-08-04
353,384,16.65,2020-06-18
354,385,8.5,2020-11-19
355,386,14.6,2020-11-19
356,387,15.7,2020-11-19
357,388,15.7,2020-11-19
358,389,8.45,2020-11-19
359,390,38.5,2020-09-30
360,391,622.85,2021-09-07
361,392,994.85,2021-08-17
362,393,93.73,2017-11-28
363,394,226.68,2017-08-18
364,395,182.2,2021-02-16
365,396,774.58,2017-08-21
366,397,9.06,2021-02-16
367,398,47.68,2021-02-16
368,399,135.84,2017-08-18
369,400,57.65,2019-02-18
370,401,105.31,2019-10-11
371,402,146.61,2017-09-08
372,403,92.28,2019-01-11
373,404,141.71,2017-09-08
374,405,272.35,2017-09-08
375,406,117.74,2017-08-18
376,407,750.1958,2019-06-27
377,408,923.1938,2021-09-29
378,409,707.87,2020-09-21
379,410,1314.697,2019-07-17
380,411,74.57,2021-02-16
381,412,47.46,2017-08-18
382,413,744.65,2016-11-12
383,414,708.8439,2016-10-05
384,415,656.8205,2015-12-04
385,416,823.242,2015-12-04
386,417,840.4531,2017-05-26
387,418,314.6853,2019-02-05
388,419,324.5506,2019-02-15
389,420,333.914,12-04-2015
390,421,516.36,2021-09-22
391,422,161.51,2016-03-01
392,423,81.95,2019-01-30
393,424,77.53,2019-01-30
394,425,63.58,2016-20-04
395,426,323.6197,2016-02-12
396,427,461.88,2017-09-12
397,428,236.085,2018-06-29
398,430,91.14,2021-02-16
399,431,415,2017-04-17
400,432,51.4,2016-09-13
401,433,765,2016-04-19
402,434,630,2019-02-01
403,435,675,2016-06-14
404,436,530,2016-04-19
405,437,555,2016-06-23
406,438,570,2016-09-06
407,439,590,2016-04-19
408,440,545,2015-12-03
409,441,545,2015-12-03
410,442,655,2017-05-05
411,443,685,2019-06-28
412,444,675,2019-03-07
413,445,659,2020-10-08
414,446,710,2019-06-28
415,448,720,2019-06-28
416,449,815,2017-09-25
417,450,725,2018-10-23
418,451,825,2018-02-23
419,452,685,2017-05-29
420,453,690,2016-11-15
421,454,715,2018-01-03
422,455,725,2018-06-01
423,456,740,2019-03-07
424,457,740,02-14-2017
425,458,760,2019-01-25
426,459,670,2016-09-21
427,460,720,2018-01-03
428,461,465,2020-09-17
429,462,925,2019-04-24
430,463,560,2019-03-07
431,464,615,2018-10-30
432,465,695,2019-12-05
433,466,695,2018-02-12
434,467,680,2018-09-13
435,468,700,2018-09-13
436,469,0.85,2017-12-22
437,470,400,2021-03-16
438,472,619.99,2021-02-24
439,473,290,2020-11-12
440,474,490,2020-11-12
441,475,92.273,2020-10-30
442,479,67.73,2020-02-25
443,480,1.25,2020-06-03
444,481,68.25,2020-09-16
445,482,2.65,2021-06-16
446,483,12,2021-05-19
447,484,10.4,03-31-2017
448,486,6.6,2020-12-16
449,487,73.44,2021-02-16
450,488,190.95,2021-12-06
451,491,34.56,2021-03-08
452,492,21.39,2021-02-02
453,493,16.61,2021-03-08
454,494,20.01,2020-10-23
455,495,64.5,2020-10-05
456,496,161.25,2021-03-08
457,498,65.37,2020-06-18
458,501,16.15,2020-10-23
459,502,40.03,2020-10-28
460,503,3.5,2018-06-28
461,504,64.34,2020-07-17
462,505,86.57,2020-09-16
463,506,25,2020-01-23
464,508,11.29,2015-12-29
465,509,167.33,2018-05-14
466,510,103.64,2020-04-28
467,511,124.6533,2021-07-07
468,512,190.52,2021-07-07
469,513,79.06,2019-04-24
470,514,85,03-03-2017
471,515,11.42,2016-02-04
472,516,0.6,2016-05-11
473,517,2.26,2016-10-03
474,518,4.1,2015-12-16
475,519,7.4351,2016-01-21
476,520,8,2021-02-25
477,521,8,2021-02-25
478,522,18,2020-08-25
479,523,18,2020-08-25
480,524,2.75,2020-08-25
481,525,2.75,2020-08-25
482,526,4.5,2021-02-25
483,527,4.5,2021-02-25
484,530,77.91,2021-03-11
485,535,42.45,2020-07-14
486,538,10.55,2020-07-14
487,539,6.1,2020-07-14
488,540,27.35,2020-07-14
489,541,8.4,2020-06-18
490,542,13.2,2020-06-18
491,543,6.15,2020-06-18
492,544,10.4,2020-06-18
493,545,8,2020-07-14
494,546,16.25,2020-06-18
495,547,10.05,2020-06-18
496,548,34.8,2020-07-14
497,549,33,2020-07-14
498,550,35.2,2020-07-14
499,551,61.15,2020-07-14
500,552,10.3,2020-07-14
501,553,10.35,2020-07-14
502,554,10.1,2020-07-14
503,555,6.1,2020-07-14
504,556,27.05,2020-07-14
505,558,72.35,2020-11-19
506,559,66.85,2020-11-19
507,560,12.95,2020-11-19
508,561,23.2,2020-11-19
509,562,8.6,2020-09-30
510,563,15.2,2020-09-30
511,564,87.3,2020-11-19
512,565,66.85,2020-11-19
513,566,48.05,2020-09-30
514,567,7.45,2020-09-30
515,568,21.1,2020-09-30
516,569,17.4,2020-11-19
517,570,14.75,2020-09-30
518,571,23.55,2020-09-30
519,572,5.6,2020-09-30
520,573,2.35,2020-09-30
521,574,3.35,2020-09-30
522,575,8.25,2020-09-30
523,576,3.3,2020-09-30
524,577,3.35,2020-09-30
525,578,3.3,2020-09-30
526,579,24.25,2020-09-30
527,580,17.4,2020-11-19
528,581,22.55,2020-09-30
529,582,9.05,2020-09-30
530,583,6.85,2020-09-30
531,584,4.75,2020-09-30
532,585,6.65,2020-09-30
533,586,6.3,2020-09-30
534,587,2.5,2020-09-30
535,588,10.05,2020-11-19
536,589,9.05,2020-09-30
537,590,11.45,2020-09-30
538,591,9.35,2020-09-30
539,592,6.65,2020-09-30
540,593,14.35,2020-09-30
541,594,24.85,2020-09-30
542,595,14.35,2020-09-30
543,596,315.8,2020-09-30
544,597,168.95,2020-10-13
545,598,26.45,2020-09-30
546,599,8.15,2020-09-30
547,600,28.4,2020-09-30
548,601,15.05,2021-01-04
549,602,9.65,2021-01-04
550,603,13.95,2021-01-04
551,604,14.8,2021-01-04
552,605,46.6,2020-09-30
553,606,14.1,2020-09-30
554,607,17.7,2021-01-04
555,608,53.05,2020-09-30
556,609,29.7,2020-09-30
557,610,26.6,2020-09-30
558,611,11.2,2020-09-30
559,612,17.7,2021-01-04
560,613,8.2,2020-09-30
561,614,5.3,2020-09-30
562,615,5.85,2020-09-30
563,616,10.95,2020-09-30
564,617,5.65,2020-09-30
565,618,70.25,2020-09-30
566,619,70.25,2020-09-30
567,620,74.95,2020-09-30
568,621,74.95,2020-09-30
569,622,89.45,2020-09-30
570,623,8.05,2020-09-30
571,624,11.5,2020-09-30
572,625,16.4,2020-09-30
573,626,16.4,2020-09-30
574,627,4.2,2020-09-30
575,628,11.25,2020-09-30
576,629,5.95,2020-09-30
577,630,74.8,2020-09-30
578,631,74.8,2020-09-30
579,632,9.75,2020-09-30
580,633,9.75,2020-09-30
581,634,34.55,2020-11-19
582,635,36.1,2020-09-30
583,636,36.1,2020-09-30
584,637,34.55,2020-11-19
585,638,27.6,2020-09-30
586,639,27.6,2020-09-30
587,640,11.4,2020-09-30
588,641,13.1,2020-09-30
589,642,13.1,2020-09-30
590,643,115.1,2020-09-30
591,644,115.1,2020-09-30
592,645,35.05,2020-09-30
593,646,35.05,2020-09-30
594,647,13.55,2020-09-30
595,648,5.35,2020-09-30
596,649,28.15,2020-11-19
597,650,27.35,2020-11-19
598,651,17.35,2020-09-30
599,652,11.15,2020-09-30
600,653,10.6,2020-09-30
601,654,9.6,2020-09-30
602,655,3,2020-09-30
603,656,13.5,2019-03-07
604,657,4.65,2019-03-07
605,658,4.9,2019-03-07
606,659,9.75,2019-03-07
607,660,8.9,2019-03-07
608,661,9.3,2019-03-07
609,662,8.9,2019-03-07
610,663,2.85,2019-03-25
611,664,4.76,2019-07-08
612,665,19.6,2019-05-03
613,666,19.6,2019-05-03
614,667,19.2,2019-05-03
615,668,9.5,2020-09-01
616,669,24.9,2020-09-04
617,670,7.05,2020-08-04
618,671,8.2,2020-08-04
619,672,31.35,2020-08-04
620,673,12.15,2020-08-04
621,674,12.15,2020-08-04
622,675,11.6,2020-08-04
623,676,10.4,2020-08-04
624,677,7.85,2020-08-04
625,678,10.6,2020-08-04
626,679,9.75,2020-08-04
627,680,7.45,2020-08-04
628,681,61.2,2020-09-01
629,682,45.75,2020-08-25
630,683,19.05,2020-08-25
631,684,38.2,2020-09-24
632,685,27.13,2020-08-13
633,686,28.01,2020-08-13
634,687,27.21,2020-08-13
635,688,27.39,2020-08-13
636,689,20.66,2020-08-13
637,690,10.6,2020-12-01
638,691,29.7,2020-12-01
639,692,38.55,2020-12-01
640,693,7.05,2020-12-01
641,694,8.5,2020-12-01
642,695,107.95,2021-05-22
643,696,283.7,2021-05-22
644,697,24.75,2021-05-22
645,698,260.85,2021-05-22
646,699,283.7,2021-05-22
647,700,29.8,2021-05-22
648,701,260.95,2021-05-22
649,702,90.65,2021-05-22
650,703,42.7,2021-05-22
651,704,14.85,2021-05-22
652,705,108.55,2021-05-22
653,706,312.05,2021-05-22
654,707,57.6,2021-09-28
655,708,57.55,2021-09-28
656,709,6.25,2021-09-28
657,710,159.5,2021-09-28
658,711,159.25,2021-09-28
659,712,50.85,2021-11-05
660,713,10.95,2021-05-22
661,714,168.2,2021-05-22
662,715,149.7,2021-05-22
663,716,64.9,2021-05-22
664,717,28.8,2021-05-22
665,718,29.3,2021-05-22
666,719,168.2,2021-05-22
667,720,13.65,2021-05-22
668,721,10.95,2021-05-22
669,722,34.15,2021-06-01
670,723,34.15,2021-06-01
671,724,60.4,2021-06-01
672,725,20.2,2021-06-01
673,726,20.2,2021-06-01
674,727,14.3,2021-06-01
675,728,10.8,2021-06-01
676,729,10.8,2021-06-01
677,730,28.05,2021-06-01
678,731,16.5,2021-06-01
679,732,7.6,2021-06-01
680,733,12.2,2021-06-01
681,734,12.1,2021-06-01
682,735,7.6,2021-06-01
683,736,10.25,2021-06-01
684,737,6.4,2021-06-01
685,738,21.4,2021-06-01
686,739,17.3,2021-06-01
687,740,16.95,2021-06-01
688,741,46.95,2021-06-01
689,742,16.95,2021-06-01
690,743,11.8,2021-06-01
691,744,237.4,2021-06-01
692,745,8.6,2021-06-01
693,746,8.85,2021-06-01
694,747,9.85,2021-06-01
695,748,8.2,2021-06-01
696,749,8.2,2021-06-01
697,750,9.85,2021-06-01
698,751,8.2,2021-06-01
699,752,5.55,2021-06-01
700,753,15.55,2021-06-01
701,754,7.3,2021-06-01
702,755,3.65,2021-06-01
703,756,7.25,2021-06-01
704,757,10.65,2021-06-29
705,758,9.95,2021-06-29
706,759,12.75,2021-06-29
707,760,9.95,2021-06-29
708,761,11.15,2021-06-29
709,762,10.35,2021-06-29
710,763,19.6,2021-06-29
711,764,10,2021-06-29
712,765,3.05,2022-01-17
713,766,83.45,2022-01-17
714,767,69.05,2022-01-17
715,768,27.2,2022-01-17
716,769,9.4,2022-01-17
717,770,4.25,2022-01-17
718,771,23.35,2022-01-17
719,772,15.55,2022-01-17
720,773,23.75,2022-01-17
721,774,4.4,2022-01-17
722,775,81.65,2022-01-17
723,776,3.05,2022-01-17
724,777,84.65,2022-01-17
725,778,7.8,2022-01-17
726,779,22.55,2022-01-17
727,780,20.05,2022-01-17
728,781,8.15,2022-01-17
729,782,19.3,2022-01-17
730,783,11.1,2022-01-17
731,784,27.2,2022-01-17
732,785,29.2,2022-01-17
733,786,29.2,2022-01-17
734,787,34.65,2022-01-17
735,788,34.65,2022-01-17
736,789,13.65,2022-01-17
737,790,29.15,2022-01-17
738,791,69.8,2022-01-17
739,792,8.15,2022-01-17
740,793,86.8,2022-01-17
741,794,51.85,2022-01-17
742,795,11,2022-01-17
743,796,10.1,2022-01-17
744,797,7.3,2022-01-17
745,798,155.75,2022-01-17
746,799,16.25,2022-01-17
747,800,8.25,2020-09-24
748,801,7.05,2020-30-01
749,802,7.05,2020-30-01
750,803,77.15,2021-09-07
751,804,19.95,2021-09-07
752,805,20.2,2021-09-07
753,806,40.05,2021-09-22
754,807,13.85,2021-09-07
755,808,20.3,2021-09-07
756,809,20.2,2021-09-07
757,810,19.85,2021-09-07
758,811,8.65,2021-10-21
759,812,7.9,2021-10-21
760,813,13.4,2021-09-07
761,814,9.45,2021-09-07
762,815,6.15,2021-09-07
763,816,7.4,2021-09-07
764,817,27.4,2021-10-19
765,818,25.3,2021-10-19
766,819,25.35,2021-08-17
767,820,24.1,2021-08-17
768,821,958.05,2021-08-17
769,822,26.35,2021-08-17
770,823,13.8,2021-08-17
771,824,29.65,2021-06-29
772,825,9.3,2021-08-17
773,826,9.3,2021-08-17
774,827,12.85,2021-08-17
775,828,19.15,2021-08-17
776,829,4.35,2021-08-17
777,830,152.65,2021-08-17
778,831,137.05,2021-08-17
779,832,205.8,2021-08-17
780,833,75,2021-08-17
781,834,115.8,2021-08-17
782,835,142,2021-08-17
783,836,147.15,2021-08-17
784,837,37.35,2021-08-17
785,838,33.95,2021-08-17
786,839,163.25,2021-08-17
787,840,19.65,2021-08-17
788,841,11.85,2021-08-17
789,842,43.65,2021-08-17
790,843,28.55,2021-10-19
791,844,25.3,2021-10-19
792,845,20.85,2021-03-01
793,846,32.8,2021-10-14
794,847,15.65,2021-03-01
795,848,23.75,2021-10-14
796,849,16.4,2021-03-01
797,850,23.75,2021-10-14
798,851,25.5,2021-03-01
799,852,38.05,2021-10-14
800,853,8.25,2021-03-01
801,854,10.5,2021-10-14
802,855,13.1,2021-03-01
803,856,18,2021-10-14
804,857,459.2,2021-11-30
805,858,135.48,2021-01-19
806,859,135.48,2021-01-19
807,860,17.75,2021-02-22
808,861,220,2021-02-22
809,862,174.8,2021-01-04
810,863,5.95,2021-02-22
811,864,17.7,2021-02-22
812,865,5.9,2021-02-22
813,866,3.05,2021-02-22
814,867,11.25,2021-12-01
815,868,7.6,2021-12-06
816,869,10.15,2021-01-19
817,870,17.95,2021-01-19
818,871,16.05,2021-12-01
819,872,14,2021-12-06
820,873,10.15,2021-01-19
821,874,11.25,2021-01-19
822,875,7.6,2021-12-06
823,876,14.3,2021-02-11
824,877,137.4,2021-02-11
825,878,8.4,2021-02-11
826,879,13.05,2021-02-11
827,880,12.1,2021-02-11
828,881,17.9,2021-09-24
829,882,15.8,2021-12-06
830,883,209.8,2021-09-24
831,884,196,2012-12-06
832,885,9.9,2021-09-24
833,886,6.2,2021-12-06
834,887,17.45,2021-09-24
835,888,14.8,2021-12-06
836,889,15.85,2021-09-24
837,890,13.35,2021-12-06
838,891,18.25,2021-01-19
839,892,93.1,2021-01-19
840,893,126.55,2021-01-19
841,894,73.75,2021-01-19
842,895,100.95,2021-01-19
843,896,63.95,2021-01-19
844,897,77.7,2021-12-01
845,898,66.6,2021-12-06
846,899,34.25,2021-01-19
847,900,50,2021-01-19
848,901,40.4,2021-12-06
849,902,9.15,2021-01-19
850,903,8.85,2021-12-06
851,904,115.95,2021-03-09
852,905,115.95,2021-03-09
853,906,37.05,2021-02-22
854,907,3.9,2021-02-22
855,908,2.15,2021-01-19
856,909,77.15,2021-02-11
857,910,52.25,2021-02-22
858,911,52.25,2021-02-22
859,912,20.45,2021-02-22
860,913,53.75,2021-02-22
861,914,6.7,2021-02-22
862,915,37.85,2021-02-22
863,916,1.7,2021-02-22
864,917,13.75,2021-01-19
865,918,17.5,2021-01-19
866,919,12.2,2021-12-06
867,920,15.95,2021-01-19
868,921,20.7,2021-01-19
869,922,14,2021-12-06
870,923,6.5,2021-01-19
871,924,7.6,2021-01-19
872,925,4.05,2021-12-06
873,926,77.8,2021-03-09
874,927,5.9,2021-01-19
875,928,5.6,2021-01-19
876,929,5.55,2021-01-19
877,930,30.55,2021-01-19
878,931,33.85,2021-01-19
879,932,30.15,2021-12-06
880,933,163.65,2021-12-06
881,934,97.5,2021-12-06
882,935,37.9,2021-12-06
883,936,49.8,2021-12-06
884,937,37.9,2021-12-06
885,938,34.25,2021-12-06
886,939,12.55,2021-12-06
887,940,1.6,2021-12-06
888,941,60,2021-12-06
889,942,53.95,2021-12-06
890,943,54.4,2021-12-06
891,944,9.4,2021-12-06
892,945,9.75,2021-12-06
893,946,3.5,2021-12-06
894,947,3.5,2021-12-06
895,948,5.75,2021-12-06
896,949,5.75,2021-12-06
897,950,162.6,2021-01-19
898,951,269.3,2021-12-06
899,952,131.65,2021-01-19
900,953,200.9,2021-12-06
901,954,8.1,2021-01-19
902,955,8.1,2021-12-06
903,956,11.3,2021-01-19
904,957,11.9,2021-12-01
905,958,5.15,2021-12-06
906,959,11.55,2021-01-19
907,960,13.95,2021-12-01
908,961,9.7,2021-12-06
909,962,12.3,2021-01-19
910,963,14.3,2021-12-01
911,964,11.4,2021-12-06
912,965,11.55,2021-01-19
913,966,14.3,2021-12-01
914,967,9.7,2021-12-06
915,968,5.65,2021-01-19
916,969,6.65,2021-12-01
917,970,5.2,2021-12-06
918,971,19.15,2021-01-19
919,972,28,2021-12-01
920,973,23.25,2021-12-06
921,974,12.95,2021-01-19
922,975,17.9,2021-12-01
923,976,13.9,2021-12-06
924,977,13.3,2021-01-19
925,978,14.7,2021-12-01
926,979,12.45,2021-12-06
927,980,8.15,2021-01-19
928,981,9.15,2021-01-19
929,982,6,2021-12-06
930,983,20.5,2021-01-19
931,984,29.55,2021-12-01
932,985,25.6,2021-12-06
933,986,12.95,2021-01-19
934,987,17.9,2021-12-01
935,988,15.55,2021-12-06
936,989,16.4,2021-01-19
937,990,21.55,2021-12-01
938,991,22.85,2021-12-06
939,992,8.8,2021-06-04
940,993,8.6,2021-06-04
941,994,5.1,2021-12-06
942,995,9.1,2021-06-04
943,996,10.8,2021-12-01
944,997,7.45,2021-12-06
945,998,11.05,2021-06-04
946,999,8.85,2021-12-01
947,1000,5.25,2021-12-06
948,1001,213.25,2021-06-04
949,1002,234.25,2021-12-01
950,1003,209.2,2021-12-01
951,1004,59.1,2021-06-04
952,1005,64.55,2021-12-01
953,1006,57,2021-12-06
954,1007,27.3,2021-09-07
955,1008,62.7,2021-05-10
956,1009,73.3,2021-12-06
957,1010,70.65,2021-06-01
958,1011,71.2,2021-12-06
959,1012,50.25,2021-03-09
960,1013,93.25,2021-12-06
961,1014,99.5,2021-03-09
962,1015,162.95,2021-12-06
963,1016,54.05,2021-03-09
964,1017,80.7,2021-12-06
965,1018,7.15,2021-03-09
966,1019,17,2021-12-06
967,1020,10.1,2021-03-09
968,1021,12.55,2021-12-06
969,1022,93.25,2021-12-06
970,1023,13.15,2021-02-11
971,1024,6.05,2021-02-18
972,1025,6.4,2021-12-01
973,1026,4.65,2021-12-06
974,1027,50.95,2021-02-18
975,1028,78.55,2021-12-01
976,1029,76.4,2021-12-06
977,1030,12.1,2021-02-11
978,1031,14.5,2021-12-06
979,1032,7.1,2021-02-11
980,1033,4.15,2021-12-06
981,1034,6.1,2021-02-11
982,1035,2.95,2021-12-06
983,1036,56.25,2021-12-06
984,1037,7.4,2019-07-02
985,1038,13.8,2021-08-12
986,1039,13.8,2021-08-12
987,1040,1.65,2021-08-12
988,1041,1.35,2019-04-12
989,1042,7.95,2021-01-19
990,1043,2.35,2019-04-12
991,1044,4,2021-08-12
992,1045,2.7,2021-02-11
993,1046,4.95,2019-06-20
994,1047,2.7,2021-01-19
995,1048,0.4,2021-09-22
996,1049,0.5,2021-09-22
997,1050,0.6,2021-09-22
998,1051,0.65,2021-09-22
999,1052,0.8,2021-09-22
1000,1053,1.3,2021-09-22
1001,1054,1.75,2021-09-22
1002,1055,3,2021-09-22
1003,1056,1.75,2017-01-11
1004,1057,14.9,2021-03-01
1005,1058,24.3,2020-09-30
1006,1059,24.3,2020-09-30
1007,1060,12.65,2020-09-30
1008,1061,12.65,2020-09-30
1009,1062,28.8,2020-09-30
1010,1063,28.8,2020-09-30
1011,1064,38.8,2020-09-30
1012,1065,38.8,2020-09-30
1013,1066,8.75,2020-09-30
1014,1067,11.3,2020-09-30
1015,1068,11.3,2020-09-30
1016,1069,9.3,2020-09-30
1017,1070,7.2,2020-09-30
1018,1071,9.2,2020-09-30
1019,1072,3.25,2020-09-30
1020,1073,6.4,2020-09-30
1021,1074,11.15,2020-09-30
1022,1075,11.15,2020-09-30
1023,1076,19.1,2020-09-30
1024,1077,18.75,2020-09-30
1025,1078,12.6,2020-09-30
1026,1079,24.3,2020-09-30
1027,1080,24.3,2020-09-30
1028,1081,23.35,2020-09-30
1029,1082,23.35,2020-09-30
1030,1083,15.25,2020-09-30
1031,1084,15.25,2020-09-30
1032,1085,44.7,2020-12-01
1033,1086,19.25,2020-12-01
1034,1087,27.25,2021-05-22
1035,1088,65.65,2021-05-22
1036,1089,47.2,2021-05-22
1037,1090,45.1,2021-05-22
1038,1091,45.1,2021-05-22
1039,1092,23.7,2021-05-22
1040,1093,72.05,2021-05-22
1041,1094,24.95,2021-05-22
1042,1095,24.95,2021-05-22
1043,1096,184.2,2021-06-01
1044,1097,117.45,2021-09-07
1045,1098,26.7,2021-09-07
1046,1099,19.8,2021-09-07
1047,1100,26.7,2021-09-07
1048,1101,19.8,2021-09-07
1049,1102,32.35,2021-10-21
1050,1103,25.15,2021-09-07
1051,1104,9.05,2021-09-07
1052,1105,9.55,2021-09-07
1053,1106,8.45,2021-09-22
1054,1107,4.95,2021-09-22
1055,1108,101.35,2021-09-22
1056,1109,11.75,2021-02-11
1057,1110,16.95,2021-02-11
1058,1111,10.75,2021-02-11
1059,1112,10.75,2021-02-11
1060,1113,41.25,2021-02-11
1061,1114,12.55,2021-09-24
1062,1115,8.8,2021-12-06
1063,1116,17.8,2021-09-11
1064,1117,12,2021-12-06
1065,1118,10.85,2021-09-24
1066,1119,7.15,2012-12-06
1067,1120,10.9,2021-09-24
1068,1121,7.15,2012-12-06
1069,1122,48.7,2021-09-24
1070,1123,42.2,2012-12-06
1071,1124,14.65,2012-12-06
1072,1125,113.2,2012-12-06
1073,1126,84.8,2012-12-06
1074,1127,35.3,2021-06-04
1075,1128,31.2,2021-06-04
1076,1129,25.6,2021-12-06
1077,1130,66.15,2021-06-04
1078,1131,70.25,2021-06-04
1079,1132,56.15,2021-12-06
1080,1133,44.45,2021-06-04
1081,1134,46.1,2021-06-04
1082,1135,38.85,2021-12-06
1083,1136,44.45,2021-06-04
1084,1137,46.1,2021-06-04
1085,1138,38.85,2021-12-06
1086,1139,26.5,2021-02-18
1087,1140,33.45,2021-12-06
1088,1141,10.45,2021-02-11
1089,1142,11.55,2021-12-01
1090,1143,6.85,2021-12-06
1091,1144,3.8,2021-03-25
1092,1145,159,2021-02-04
1093,1147,275,2016-03-03
1094,1149,2.46,2018-09-18
1095,1152,6.8,2016-02-15
1096,1153,264.87,2017-09-26
1097,1154,251.61,2016-03-14
1098,1155,6.8,2016-02-10
1099,1156,51.99,2016-02-18
1100,1157,40.72,2016-03-08
1101,1158,53.32,2019-09-04
1102,1159,47.59,2016-02-18
1103,1160,38.23,2016-03-08
1104,1161,26,2016-02-15
1105,1162,56.71,2016-02-18
1106,1163,32.13,2016-03-08
1107,1164,23.63,2017-01-25
1108,1165,16.62,2020-09-30
1109,1166,26.89,2016-02-18
1110,1168,32,2016-02-15
1111,1169,28,2017-12-19
1112,1170,28,2017-12-19
1113,1171,24.96,2017-12-11
1114,1172,22.8,2019-04-10
1115,1173,14.86,2018-09-17
1116,1174,18.44,2018-09-17
1117,1175,14,2016-02-15
1118,1176,14,2016-06-09
1119,1177,4.61,2021-01-12
1120,1178,4.04,2021-04-30
1121,1179,2.67,2021-04-30
1122,1180,18.28,2021-04-30
1123,1181,13.18,2021-04-30
1124,1182,11.05,2021-01-04
1125,1183,6.2,2018-06-20
1126,1184,3.55,2020-01-28
1127,1185,7.64,2021-02-19
1128,1186,582.15,2020-07-02
1129,1187,1194.59,2021-06-27
1130,1188,61.51,2021-04-20
1131,1189,19.25,2016-06-09
1132,1190,42,2016-06-09
1133,1191,6.01,2020-07-13
1134,1192,21.51,2015-12-29
1135,1193,61.35,2018-01-30
1136,1194,55.85,2018-08-23
1137,1195,53.55,2018-08-23
1138,1196,54.75,2017-04-12
1139,1197,68.95,2016-06-09
1140,1198,12.99,2016-06-09
1141,1199,13.26,2016-06-09
1142,1200,19.93,2016-06-09
1143,1201,15.13,2015-12-29
1144,1202,19.53,2015-12-29
1145,1203,21.04,03-03-2017
1146,1204,24.04,07-17-2017
1147,1205,173.6,2020-06-10
1148,1206,8.31,2017-12-06
1149,1207,44.45,07-17-2017
1150,1208,68.89,2016-07-08
1151,1209,72.1,2016-06-09
1152,1210,21.65,2021-04-01
1153,1211,33.37,2020-06-25
1154,1212,34.49,2021-04-09
1155,1213,189.45,2016-02-09
1156,1214,103.45,2016-21-04
1157,1215,76.67,2017-01-11
1158,1216,67.55,03-17-2017
1159,1217,30.68,2016-06-09
1160,1218,96.9,2017-12-06
1161,1219,29.95,2016-21-04
1162,1220,38.77,2019-10-25
1163,1221,19.8,2016-09-26
1164,1222,15.23,2016-09-26
1165,1223,70.05,2017-12-06
1166,1224,73.05,2016-01-27
1167,1225,19.9,08-12-2016
1168,1226,6.6,08-30-2016
1169,1227,21.5,2016-06-09
1170,1228,3.145,08-30-2016
1171,1229,7.475,08-30-2016
1172,1230,12,2021-04-11
1173,1231,194.06,2016-06-15
1174,1232,56.97,2020-01-09
1175,1233,76.67,2017-01-11
1176,1234,33.6,2016-06-09
1177,1235,64.35,2016-21-04
1178,1236,29.56,2020-01-09
1179,1237,25.63,2020-09-23
1180,1238,86.33,2021-04-08
1181,1239,281.36,2017-24-11
1182,1240,281.36,2017-24-11
1183,1241,76.67,2017-01-11
1184,1242,30.8,2016-06-09
1185,1243,99.4,2016-06-09
1186,1244,40.86,2019-02-04
1187,1245,62.24,2020-03-17
1188,1246,73.4,2018-04-16
1189,1247,69.23,2021-03-10
1190,1248,83.94,2016-09-07
1191,1249,172.3,2019-02-06
1192,1250,31.01,2021-01-21
1193,1251,60.95,2019-05-17
1194,1252,4.9,2017-01-25
1195,1253,4.185,08-30-2016
1196,1254,57.95,2019-05-17
1197,1255,13.13,2016-07-04
1198,1256,22.5,2016-06-09
1199,1257,1.29,2019-04-05
1200,1258,15.5,2015-12-29
1201,1259,15.5,2015-12-29
1202,1260,15.5,2015-12-29
1203,1261,15.5,2015-12-29
1204,1262,19.9,2015-12-29
1205,1263,37.39,2016-11-30
1206,1264,28.86,2017-11-21
1207,1265,75.96,2017-11-21
1208,1266,88.41,2017-04-28
1209,1267,46.96,2017-06-15
1210,1268,12.84,2020-06-18
1211,1269,13.27,2020-12-09
1212,1270,18.87,2020-12-09
1213,1271,22.48,2020-12-09
1214,1272,23.03,2020-12-09
1215,1273,13.27,2020-12-09
1216,1274,18.87,2020-12-09
1217,1275,22.48,2020-12-09
1218,1276,23.03,2020-12-09
1219,1277,14.72,2021-05-05
1220,1278,62.59,2016-02-03
1221,1279,14.72,2018-02-26
1222,1280,11.81,2021-05-10
1223,1281,13.1,2017-12-21
1224,1282,24.3,2019-12-16
1225,1283,18.65,2016-10-24
1226,1284,11.39,2015-12-29
1227,1285,7.56,2015-12-29
1228,1286,10.79,2015-12-29
1229,1287,8.66,2015-12-29
1230,1288,2.24,2019-02-25
1231,1289,7.87,2020-11-09
1232,1290,54.57,2019-12-16
1233,1291,16.11,2020-11-18
1234,1292,43.27,2020-06-18
1235,1293,15.88,2020-06-18
1236,1294,15.88,2020-06-18
1237,1295,17.29,2020-06-18
1238,1296,21.37,2020-06-18
1239,1297,23.57,2019-04-05
1240,1298,56.21,2020-03-20
1241,1299,36.87,2019-09-27
1242,1300,27.39,2021-01-04
1243,1301,75.15,2016-01-19
1244,1302,150.08,2019-04-25
1245,1303,15.78,2020-06-10
1246,1304,40.18,2018-03-19
1247,1307,21.56,2019-02-05
1248,1308,124,2018-04-23
1249,1309,7.44,2021-04-10
1250,1310,1.57,2018-01-24
1251,1311,13.075,2018-08-20
1252,1312,12.8,2020-04-21
1253,1313,3.4,2021-06-15
1254,1314,17.96,2016-05-11
1255,1315,1.73,2021-06-15
1256,1316,2.36,2018-01-24
1257,1317,1.66,2018-01-24
1258,1318,7.675,2018-08-20
1259,1319,5.35,2018-08-20
1260,1320,1.96,2018-01-24
1261,1321,1.57,2018-01-24
1262,1322,2.91,2018-01-24
1263,1323,1.77,2018-01-24
1264,1324,4.28,2021-06-15
1265,1325,1.99,2021-06-15
1266,1326,6.6,2018-08-20
1267,1327,2.05,2018-01-24
1268,1328,8.95,2018-08-20
1269,1329,2.54,2018-01-24
1270,1330,57.5,2017-05-02
1271,1332,2.45,2019-10-01
1272,1333,29.4,2018-02-02
1273,1334,4.03,2018-01-24
1274,1335,4.835,2018-08-20
1275,1336,4.835,2018-08-20
1276,1339,9.95,2018-08-20
1277,1340,2.18,2020-08-24
1278,1341,3.41,2021-06-15
1279,1342,1.76,2021-02-22
1280,1343,1.725,2021-06-15
1281,1344,2.88,2021-06-15
1282,1345,2.76,2021-02-22
1283,1346,9.6,2021-06-15
1284,1347,11.73,2021-06-15
1285,1348,13.03,2021-06-15
1286,1349,67.99,2021-05-13
1287,1350,79.5,2016-01-12
1288,1351,2.7,2021-05-13
1289,1352,3.54,2021-05-13
1290,1353,31.25,2019-05-09
1291,1354,1.53,2021-05-13
1292,1355,26.59,2018-05-28
1293,1356,4.65,2021-05-13
1294,1357,4.91,2021-05-13
1295,1358,7.15,2018-08-14
1296,1359,1.25,2016-07-04
1297,1360,1.25,2016-06-29
1298,1361,1.32,2016-06-29
1299,1362,1.52,2021-01-20
1300,1363,1.52,2021-01-20
1301,1364,1.55,2016-07-04
1302,1365,1.64,2016-07-04
1303,1366,2.12,2016-07-04
1304,1367,2.53,2016-07-04
1305,1368,2.89,2020-06-10
1306,1369,3.36,2016-07-04
1307,1371,5.09,2020-06-10
1308,1372,5.28,2016-06-29
1309,1373,6.13,2016-06-29
1310,1374,7.52,2021-01-20
1311,1375,7.2,2016-06-29
1312,1376,2.07,2016-06-29
1313,1377,1.49,2021-01-21
1314,1378,5.01,2021-01-21
1315,1379,2.51,2020-06-10
1316,1380,5.17,2021-01-21
1317,1381,5.48,2021-01-21
1318,1382,6.41,2020-06-10
1319,1383,9.93,2021-01-21
1320,1384,11.12,2021-01-20
1321,1385,11.12,2021-01-21
1322,1386,31.64,2020-10-05
1323,1387,32.33,2020-10-07
1324,1388,53.87,2020-10-01
1325,1389,39.52,2020-10-05
1326,1390,38.49,2020-11-18
1327,1391,3.85,2019-11-06
1328,1392,69.33,2018-12-18
1329,1393,184.75,2017-11-21
1330,1395,5.5,2016-06-09
1331,1396,8.83,2020-08-20
1332,1397,40.8,2020-10-01
1333,1398,0.65,2016-06-01
1334,1399,1.32,2016-06-01
1335,1400,28.96,2018-12-07
1336,1401,89.61,2021-05-19
1337,1402,117.83,2021-05-14
1338,1403,10.21,2020-09-04
1339,1404,20.03,2018-08-06
1340,1405,27.23,2020-01-09
1341,1406,46.66,2020-01-22
1342,1407,40.47,2020-05-13
1343,1408,59,2020-06-10
1344,1409,53.43,2019-10-16
1345,1410,68.49,2018-02-21
1346,1411,32,2020-01-09
1347,1412,10.87,2016-05-24
1348,1413,19.45,2017-11-21
1349,1414,22.41,2016-01-08
1350,1415,31.1,2018-05-14
1351,1416,39.76,2016-07-04
1352,1417,49.06,2016-07-04
1353,1418,88.86,2017-12-22
1354,1419,10.87,2016-05-24
1355,1420,32.91,2016-07-04
1356,1421,0,2016-09-16
1357,1422,126.6,2020-06-02
1358,1423,62.74,2018-08-20
1359,1424,34.23,2021-01-20
1360,1425,38.91,2016-08-24
1361,1426,26.7,2016-08-24
1362,1427,65.13,2017-04-28
1363,1428,56.28,2020-09-04
1364,1429,89.61,2021-05-19
1365,1430,73.29,2016-07-12
1366,1431,139.56,2016-07-04
1367,1432,90.49,2016-10-03
1368,1433,82.01,2016-10-03
1369,1434,74.69,2018-02-21
1370,1435,239.87,04-25-2017
1371,1436,16.43,2018-08-20
1372,1437,23.19,2021-06-25
1373,1438,26.44,2020-01-29
1374,1439,38.91,2016-10-03
1375,1440,43.41,2016-07-12
1376,1441,40.6,2020-09-04
1377,1442,44.85,2017-11-21
1378,1443,18.4,2016-02-03
1379,1444,38.49,2017-11-21
1380,1445,23.7,2016-02-03
1381,1446,69.61,2016-01-27
1382,1448,53.66,2018-08-20
1383,1449,49.56,2021-03-17
1384,1450,24.35,2017-11-21
1385,1451,9.35,2019-02-05
1386,1452,76.72,2020-08-27
1387,1453,16.93,2020-03-17
1388,1454,37.99,2020-01-09
1389,1455,39.16,2020-01-21
1390,1456,13.03,2021-06-15
1391,1457,64.04,2020-08-27
1392,1458,96.18,2021-04-08
1393,1459,31.97,2020-05-22
1394,1460,9.49,2020-11-09
1395,1461,0,2018-02-27
1396,1462,208.18,2016-07-15
1397,1463,5.53,2021-06-01
1398,1464,290.24,2018-02-27
1399,1465,12.69,2016-09-26
1400,1466,61.26,2019-09-11
1401,1467,149,04-10-2017
1402,1468,119.93,2018-07-18
1403,1469,163.33,2017-11-22
1404,1470,49.95,2018-05-08
1405,1471,84.95,2021-06-15
1406,1472,84.95,2021-06-15
1407,1473,43.85,2017-09-12
1408,1474,28.99,2020-02-14
1409,1475,10.53,2020-07-13
1410,1476,10.14,2020-07-13
1411,1477,11.03,2020-07-13
1412,1478,10.34,2020-07-13
1413,1479,12.5,2020-07-13
1414,1480,16.73,2020-07-13
1415,1481,23.54,2020-01-09
1416,1482,28.99,2020-02-18
1417,1483,55.56,2016-06-09
1418,1484,30.32,2020-06-18
1419,1485,23.63,2019-04-05
1420,1486,107.9,2019-03-11
1421,1487,223.5,2021-01-21
1422,1488,204,2021-01-21
1423,1489,18.4,2021-06-04
1424,1490,16.24,2021-05-27
1425,1491,12.67,2018-02-27
1426,1492,12.79,03-17-2017
1427,1493,12.69,2018-02-27
1428,1494,49.17,2020-10-01
1429,1495,40.79,2019-03-25
1430,1496,40.2,2018-05-28
1431,1497,61.26,2019-01-11
1432,1498,11.27,2016-02-22
1433,1499,15.16,2015-12-29
1434,1500,24.17,2015-12-04
1435,1501,21.76,2015-12-04
1436,1502,24.37,2021-05-10
1437,1503,18.57,2017-11-21
1438,1504,20.57,2017-11-21
1439,1505,19.79,2016-10-24
1440,1506,23.05,2015-12-29
1441,1507,22.59,2018-04-18
1442,1508,33.51,2016-11-30
1443,1509,22.15,2015-12-29
1444,1510,24.31,2018-04-18
1445,1511,31.44,2018-04-18
1446,1512,86.61,2019-09-06
1447,1513,80.4,2019-01-11
1448,1514,80.4,2018-12-18
1449,1515,99.33,2020-02-06
1450,1516,147.99,2020-02-06
1451,1517,20.04,2015-12-07
1452,1518,72.8,2016-01-27
1453,1519,65.21,2021-06-09
1454,1520,22.19,2021-06-25
1455,1521,123.99,2020-01-22
1456,1522,161.56,2020-10-08
1457,1524,13.26,2020-02/14
1458,1525,13.26,2020-06-10
1459,1526,12.23,2028-03-07
1460,1529,27.28,2019-04-02
1461,1530,53.33,2016-01-27
1462,1531,57.07,2021-02-05
1463,1532,31.05,2018-12-07
1464,1533,22.56,2020-06-10
1465,1534,19.73,2017-11-21
1466,1535,21.04,2016-21-04
1467,1536,19.84,2020-06-10
1468,1537,19.84,2020-09-18
1469,1538,32.11,2017-11-21
1470,1539,31.55,2016-06-28
1471,1540,27.79,2020-09-18
1472,1541,58.29,2020-06-18
1473,1542,46.77,2020-07-13
1474,1543,69.52,2020-06-18
1475,1544,70.4,2020-10-07
1476,1545,50.88,2020-10-07
1477,1546,93.33,2020-10-01
1478,1547,15.08,2021-02-03
1479,1548,29.67,2020-06-18
1480,1549,25.07,2020-09-18
1481,1550,33.44,2020-06-18
1482,1551,40.43,2021-03-17
1483,1552,37.03,2020-06-18
1484,1553,583.81,2021-08-01
1485,1554,12.77,2020-02-06
1486,1555,53.66,2019-02-13
1487,1556,9.81,03-03-2017
1488,1557,9.2,2017-11-21
1489,1558,9.81,03-03-2017
1490,1559,17.5,2015-12-29
1491,1560,62.4,2020-11-20
1492,1561,62.4,2020-10-01
1493,1562,50.16,2018-08-20
1494,1563,23.67,2018-06-13
1495,1564,11.04,2018-06-13
1496,1565,11.04,2017-06-05
1497,1566,23.67,2017-06-05
1498,1567,28.52,2018-08-20
1499,1568,24.53,2018-08-20
1500,1569,26.01,2018-06-13
1501,1570,31.8,2019-08-12
1502,1571,60.8,2020-09-18
1503,1572,26.12,2019-05-17
1504,1573,44.64,2018-09-25
1505,1574,15.18,2018-08-20
1506,1575,10.62,2018-08-20
1507,1576,9.49,2020-09-18
1508,1577,22.85,2020-11-09
1509,1578,25.07,2020-06-10
1510,1579,14.04,2019-10-22
1511,1580,13.17,2020-08-27
1512,1581,15.75,2018-06-13
1513,1582,30.99,2020-09-18
1514,1583,17.86,2016-02-09
1515,1584,130.21,2020-02-06
1516,1585,58.36,2020-06-18
1517,1586,14.65,2021-05-05
1518,1587,59.67,2020-11-18
1519,1588,824.45,2016-02-15
1520,1589,17.7,2017-12-21
1521,1590,17.02,2016-06-16
1522,1591,48.07,2020-02-04
1523,1592,2.4,2021-01-08
1524,1593,72.5,2020-06-18
1525,1594,5.45,2021-05-14
1526,1595,170.55,2017-11-21
1527,1596,198,2016-02-10
1528,1597,10.13,2017-12-27
1529,1598,20.23,2017-11-30
1530,1599,232.5,2017-11-21
1531,1600,10.04,2017-24-11
1532,1603,12.97,2016-03-31
1533,1609,2.4,2021-01-08
1534,1610,3.6,2021-01-08
1535,1611,3.6,2021-01-08
1536,1613,245.44,09-07-2016
1537,1616,1585,2016-01-25
1538,1618,64.05,07-17-2017
1539,1620,15.49,2016-09-27
1540,1621,10.94,2017-06-06
1541,1622,23.66,03-13-2017
1542,1623,6.82,2017-12-21
1543,1624,14.09,2019-08-13
1544,1625,8,2020-06-03
1545,1626,289.75,2021-08-18
1546,1631,55.95,2020-07-02
1547,1632,41.1,2020-08-28
1548,1633,114.25,2021-01-08
1549,1634,93.22,2021-01-08
1550,1635,3.7,2016-04-05
1551,1636,41.72,2017-03-03
1552,1637,73.86,2016-07-08
1553,1638,28.64,2020-01-20
1554,1639,27.95,2017-12-12
1555,1640,73.4,2019-09-11
1556,1641,5.5,2016-06-09
1557,1642,53.95,2016-06-09
1558,1643,47.95,2016-06-09
1559,1644,27.95,2017-12-12
1560,1645,43.95,2016-06-09
1561,1646,33.81,2018-01-30
1562,1647,46.79,2016-10-24
1563,1648,32,2017-01-25
1564,1649,42.87,2020-01-22
1565,1650,31.69,2016-07-04
1566,1651,90,2016-02-11
1567,1652,52.95,2016-06-09
1568,1653,14.86,2016-09-16
1569,1654,15.91,2016-11-22
1570,1655,87.43,2016-06-09
1571,1656,45,2016-06-09
1572,1657,28.64,2020-01-09
1573,1658,11.95,2016-06-09
1574,1659,28.64,2020-01-09
1575,1660,153,2019-09-11
1576,1661,151,2019-09-11
1577,1662,189.95,2019-09-11
1578,1663,28.64,2020-01-09
1579,1664,11.95,2016-06-09
1580,1665,27.95,2017-12-12
1581,1666,177.65,2016-02-15
1582,1667,143.35,2019-09-11
1583,1668,364.9,2021-08-01
1584,1669,46.79,2016-10-24
1585,1670,11.95,2016-06-09
1586,1671,27.95,2017-12-12
1587,1672,85.7,2016-10-25
1588,1673,320,2016-06-09
1589,1674,28.64,2020-01-09
1590,1675,77.86,2016-03-03
1591,1676,179,2017-11-21
1592,1677,6.81,2017-12-01
1593,1678,21.88,2018-09-17
1594,1679,3.7,2018-02-13
1595,1680,1.88,2020-11-04
1596,1681,33.616,2019-05-07
1597,1682,2.86,2020-08-11
1598,1683,59.72,2017-09-06
1599,1684,1.11,2018-06-07
1600,1685,1.5,2016-21-04
1601,1686,2.15,2018-06-26
1602,1687,2.05,2019-02-05
1603,1688,1.58,2020-09-16
1604,1689,1.5,2016-21-04
1605,1690,1.58,2018-06-26
1606,1691,434.03,2021-04-15
1607,1692,4.95,2017-10-17
1608,1693,74.31,2020-10-31
1609,1694,7.48,2021-22-04
1610,1695,5.11,2021-22-04
1611,1696,7.41,2021-03-25
1612,1697,2.94,2020-09-16
1613,1698,13.93,2020-06-05
1614,1699,8.95,2020-06-05
1615,1700,23.49,2016-02-04
1616,1701,7.95,2016-06-09
1617,1702,45.95,2016-06-09
1618,1703,90.25,2017-11-21
1619,1704,39.95,2016-02-15
1620,1705,57.95,2016-02-15
1621,1708,75.55,2020-05-11
1622,1709,8.865,2019-09-13
1623,1710,20.44,2019-08-30
1624,1711,4.98,2016-02-15
1625,1712,51.59,2017-01-25
1626,1713,53.13,2017-12-12
1627,1714,28.17,2020-03-19
1628,1715,11.2,2016-04-12
1629,1716,250,2016-05-18
1630,1717,303,2020-11-04
1631,1718,62.86,2020-10-28
1632,1719,1.59,2021-05-10
1633,1720,3.92,2021-05-10
1634,1721,3.71,2018-09-11
1635,1722,39.95,2016-02-15
1636,1723,1.4,2015-12-15
1637,1724,28.25,2018-09-17
1638,1725,3.07,2016-04-12
1639,1726,3.39,2016-04-12
1640,1727,13.76,2020-02-26
1641,1728,7.54,2020-02-26
1642,1729,61.72,2017-11-21
1643,1730,131.43,2020-12-16
1644,1731,141.55,2019-09-12
1645,1732,132,2021-10-19
1646,1733,10.19,2017-11-28
1647,1734,26.58,2020-05-07
1648,1735,28.64,2020-01-22
1649,1736,276.23,2017-11-21
1650,1737,20.8,2020-07-02
1651,1738,27.43,2018-03-23
1652,1739,50.71,2017-24-11
1653,1746,25.79,2020-10-07
1654,1747,18.17,2021-04-15
1655,1749,41.95,2018-02-16
1656,1751,26.15,2120-03-24
1657,1752,9.2,2019-05-06
1658,1753,236.65,2016-02-11
1659,1754,27.7182,2016-02-04
1660,1755,4.35,2016-02-15
1661,1756,297.44,2021-12-06
1662,1757,69.24,2020-11-09
1663,1758,95,2018-03-23
1664,1759,98,2021-08-02
1665,1760,69.3,2016-11-30
1666,1761,30.086,03-13-2017
1667,1762,1999,2020-06-16
1668,1763,18.23,2017-10-17
1669,1764,176.83,2020-06-10
1670,1766,18.59,2019-09-13
1671,1767,108.19,2015-12-03
1672,1768,92.22,2021-01-08
1673,1769,30.31,2021-08-04
1674,1772,51.95,2018-02-26
1675,1773,874,2020-11-04
1676,1774,243.88,2017-11-21
1677,1775,83.28,2017-11-21
1678,1776,18.4,02-08-2017
1679,1777,30.95,2021-06-18
1680,1778,41.95,2021-06-18
1681,1779,102.99,2018-09-17
1682,1782,11.3,2017-11-30
1683,1783,11.3,2017-11-30
1684,1784,325.95,2016-02-10
1685,1785,280,2016-01-12
1686,1786,86.6,2021-08-04
1687,1788,7.44,2020-08-11
1688,1789,16.17,2017-05-11
1689,1790,30.35,2017-05-01
1690,1794,438,2017-11-21
1691,1795,29.51,2021-03-25
1692,1796,24.36,2021-08-04
1693,1797,90.39,2017-12-28
1694,1798,5.5,2019-07-05
1695,1799,208,2017-11-21
1696,1800,32.95,2016-06-09
1697,1802,39.75,2016-07-15
1698,1803,2.79,2021-04-15
1699,1804,3.03,2021-04-15
1700,1806,19.99,2016-11-22
1701,1807,18.84,2021-04-15
1702,1808,24.56,2021-04-15
1703,1809,17.73,2019-02-19
1704,1810,150,2019-09-11
1705,1811,19.26,2016-05-10
1706,1812,11.33,2016-01-19
1707,1813,3.9,2017-01-11
1708,1814,3.1,2009-07-05
1709,1816,16.2,2021-08-04
1710,1817,23.43,2019-03-11
1711,1818,84.6,2019-12-18
1712,1819,42.3,2016-01-05
1713,1820,42.3,2016-20-04
1714,1821,42.34,2016-01-05
1715,1822,31.99,2016-20-04
1716,1823,30.65,2016-01-05
1717,1824,2.47,2016-04-12
1718,1825,69.35,2016-02-19
1719,1826,144.72,2016-08-08
1720,1828,129.91,2020-10-07
1721,1829,35,2020-01-27
1722,1830,117.36,2020-10-26
1723,1831,29.34,2020-01-27
1724,1832,16.2,2020-10-07
1725,1833,129.91,2020-10-26
1726,1834,117.36,2020-08-21
1727,1835,16.2,2020-10-07
1728,1836,14.95,2020-08-21
1729,1837,21.82,2020-08-21
1730,1839,117.65,2015-12-03
1731,1840,149.72,2016-09-12
1732,1841,32.45,2016-03-07
1733,1842,55,2015-12-07
1734,1843,210.54,02-13-2017
1735,1844,107.14,2016-07-15
1736,1845,50.04,2021-03-22
1737,1846,39.68,2020-08-06
1738,1847,15.05,2007-01-01
1739,1848,340,2020-10-15
1740,1849,86.35,2018-08-16
1741,1850,280.6548,2021-10-19
1742,1851,42,2020-10-07
1743,1852,48.4,2020-12-01
1744,1853,15.95,2020-09-03
1745,1854,82.31,2016-04-06
1746,1855,117.28,2017-06-05
1747,1856,1.103,2019-05-01
1748,1857,25,2018-07-13
1749,1858,3,2018-07-13
1750,1859,5.166,2016-11-04
1751,1860,9.47,04-04-2017
1752,1861,44.72,2020-10-07
1753,1862,56,2020-10-07
1754,1863,175.24,2021-01-12
1755,1864,290.68,2021-01-12
1756,1865,409.4,2021-01-12
1757,1866,381,2021-01-12
1758,1867,19.05,2021-03-25
1759,1868,149.8712,2022-01-07
1760,1869,3.85,2019-08-08
1761,1870,9.49,2019-04-16
1762,1871,1.84,2020-09-08
1763,1872,35.74,2021-03-04
1764,1873,3.623,2020-10-30
1765,1874,33.72,2021-01-26
1766,1875,1.94,2020-06-05
1767,1876,1.94,2020-06-05
1768,1877,9.06,2020-08-25
1769,1878,9.89,2020-10-31
1770,1879,25.76,2020-10-31
1771,1880,18.28,2017-08-18
1772,1881,27.51,2017-08-18
1773,1882,27.51,2017-09-08
1774,1883,26.18,2018-05-04
1775,1884,126.71,2017-09-08
1776,1885,24.33,2018-05-04
1777,1886,19.1,2021-03-23
1778,1887,17.798,2021-03-04
1779,1888,2.94,2020-10-27
1780,1889,3.28,2020-01-31
1781,1890,2.8,2019-05-01
1782,1891,8.52,2018-08-29
1783,1892,11.05,2019-08-26
1784,1893,8.17,2021-03-30
1785,1894,8.848,2019-04-30
1786,1895,138.91,2019-08-26
1787,1896,22.429,2020-10-30
1788,1897,443.506,2020-10-30
1789,1898,58.312,2020-10-30
1790,1899,76.55,2020-05-08
1791,1900,67.82,2020-05-08
1792,1901,87.81,2021-01-29
1793,1902,70.73,2019-07-09
1794,1903,74.57,2020-05-06
1795,1904,96.14,2019-12-03
1796,1905,97.39,2018-05-04
1797,1906,73.97,2018-05-04
1798,1907,63.07,2020-06-17
1799,1908,68.6,2020-11-06
1800,1909,87.714,2020-10-30
1801,1910,74.338,2020-10-30
1802,1911,76.844,2020-10-30
1803,1912,81.857,2020-10-30
1804,1913,19.6,2020-10-30
1805,1914,17.05,2018-06-14
1806,1915,38,2020-12-11
1807,1916,45.11,2021-03-05
1808,1917,65.74,2021-01-26
1809,1918,33.86,2019-08-26
1810,1919,3.88,2020-05-08
1811,1920,16.82,2018-05-04
1812,1921,3.67,2018-05-29
1813,1922,5.05,2019-08-26
1814,1923,21.506,2020-10-30
1815,1924,3.235,2021-03-04
1816,1925,3.88,2021-03-05
1817,1926,29.23,2021-03-05
1818,1927,47.68,2021-02-09
1819,1928,1.8,2021-01-26
1820,1929,5.27,2021-01-06
1821,1930,4.81,2020-07-17
1822,1931,33.99,2019-06-07
1823,1932,30.84,2019-06-07
1824,1933,5.54,2019-12-16
1825,1934,10.17,2019-12-16
1826,1935,12.49,2019-04-23
1827,1936,3.46,2020-09-08
1828,1937,2.49,2017-12-01
1829,1938,1.48,2017-12-01
1830,1939,1.72,2021-01-22
1831,1940,1.37,2015-09-09
1832,1941,1.49,2021-05-03
1833,1942,1.56,2021-05-03
1834,1943,6.68,2021-01-26
1835,1944,31.67,2019-08-26
1836,1945,91.86,2020-05-07
1837,1946,86.63,2019-04-18
1838,1947,8.1,2019-04-16
1839,1948,3.5,2020-09-08
1840,1949,2.14,2020-09-08
1841,1950,2.31,2020-09-08
1842,1951,42.57,2016-02-02
1843,1952,15.43,2021-03-05
1844,1953,68.94,2021-01-26
1845,1954,99.056,2018-10-25
1846,1955,57.56,2018-05-29
1847,1956,57.56,2018-05-29
1848,1957,77.46,2018-05-29
1849,1958,77.46,2018-05-29
1850,1959,23.2568,2018-01-15
1851,1960,1.39,2021-03-17
1852,1961,3.403,2020-11-06
1853,1962,218.052,2020-10-30
1854,1963,3.01,2021-03-05
1855,1964,3.33,2016-02-02
1856,1965,3.61,2016-02-02
1857,1966,111.11,2018-01-15
1858,1967,1.961,2020-10-30
1859,1968,2.08,2021-01-06
1860,1969,2.17,2016-01-14
1861,1970,5.24,2016-01-14
1862,1971,3.64,2020-09-08
1863,1972,2.58,2020-09-08
1864,1973,58.63,2021-01-26
1865,1974,58.63,2020-12-11
1866,1975,82.35,2021-01-22
1867,1976,15.43,2021-01-06
1868,1977,10.16,2016-01-14
1869,1978,10.16,2016-01-14
1870,1979,5.4,2021-05-03
1871,1980,2.38,2021-01-06
1872,1981,2.38,2019-06-25
1873,1982,1.37,2017-12-01
1874,1983,1.24,2021-05-03
1875,1984,1.72,2021-01-27
1876,1985,1.03,2020-09-18
1877,1986,1.07,2020-09-18
1878,1987,1.37,2017-12-01
1879,1988,1.21,2021-01-26
1880,1989,1.23,2015-09-09
1881,1990,1.19,2015-09-09
1882,1991,1.88,2019-08-08
1883,1992,1.09,2017-12-01
1884,1993,1.06,2021-05-03
1885,1994,1.21,2021-01-27
1886,1995,1.1,2021-05-03
1887,1996,1.38,2019-08-08
1888,1997,1.06,2021-05-03
1889,1998,1.34,2020-09-08
1890,1999,2.28,2019-06-25
1891,2000,2.66,2019-06-25
1892,2001,1.77,2021-05-03
1893,2002,1.21,2020-09-18
1894,2003,1.45,2020-09-18
1895,2004,1.38,2021-05-03
1896,2005,1.24,2021-05-03
1897,2006,1.24,2021-01-26
1898,2007,1.81,2019-08-26
1899,2008,1.67,2019-08-08
1900,2009,1.1,2021-05-06
1901,2010,1.51,2015-09-09
1902,2011,1.62,2019-10-10
1903,2012,1.48,2015-09-09
1904,2013,1.17,2021-05-03
1905,2014,1.05,2015-09-09
1906,2015,1.21,2020-06-17
1907,2016,2.26,2020-06-17
1908,2017,1.67,2019-08-08
1909,2018,1.47,2020-10-27
1910,2019,2.34,2021-01-26
1911,2020,2.29,2018-06-18
1912,2021,2.16,2018-06-18
1913,2022,2.12,2015-12-11
1914,2023,1.76,2016-09-21
1915,2024,3.206,2016-10-25
1916,2025,4.28,2019-05-15
1917,2026,55.11,2021-03-05
1918,2027,4.33,2021-04-15
1919,2028,6.13,2021-05-03
1920,2029,11.04,2021-05-03
1921,2030,4.28,2015-09-09
1922,2031,5.61,2015-09-09
1923,2032,5.18,2015-09-09
1924,2033,6.4,2021-04-20
1925,2034,9.2,2021-04-20
1926,2035,251.28,2021-01-06
1927,2036,19.52,2021-04-07
1928,2037,5.61,2015-09-09
1929,2038,6.55,2015-09-09
1930,2039,6.06,2015-09-09
1931,2040,5.18,2015-09-09
1932,2041,6.93,2015-09-09
1933,2042,6.55,2015-09-09
1934,2043,6.55,2015-09-09
1935,2044,6.55,2015-09-09
1936,2045,6.06,2015-09-09
1937,2046,6.93,2015-09-09
1938,2047,6.34,2015-09-09
1939,2048,10.41,2015-09-09
1940,2049,6.55,2016-01-11
1941,2050,19.05,2018-01-15
1942,2051,17.68,2016-21-04
1943,2052,6.27,2016-21-04
1944,2053,6.8,2016-21-04
1945,2054,2864.36,2021-05-18
1946,2055,49.961,2020-10-30
1947,2056,50.623,2020-10-30
1948,2057,57.429,2020-10-30
1949,2058,2.84,2021-04-07
1950,2059,2.13,2021-04-07
1951,2060,4.42,2021-04-07
1952,2061,2.18,2019-10-10
1953,2062,2.01,2019-08-08
1954,2063,9.37,2018-01-15
1955,2064,3.79,2016-02-02
1956,2065,5.64,2020-09-01
1957,2066,1.571,2020-10-30
1958,2067,15.58,2020-03-10
1959,2068,20.62,2016-11-08
1960,2069,25.83,2016-03-31
1961,2070,4.15,2016-02-24
1962,2071,9.21,2015-12-11
1963,2072,3.53,2015-12-11
1964,2073,18.72,2016-02-11
1965,2074,66.1,2021-05-18
1966,2075,25.34,2021-05-18
1967,2076,66.1,2021-05-18
1968,2077,66.1,2021-05-18
1969,2078,45.66,2019-09-03
1970,2079,0.86,2020-10-31
1971,2080,0.25,2021-01-22
1972,2081,0.24,2021-01-22
1973,2082,0.66,2019-07-02
1974,2083,0.52,2021-01-22
1975,2084,0.52,2021-01-22
1976,2085,0.52,2021-01-22
1977,2086,0.12,2017-12-01
1978,2087,0.19,2017-12-01
1979,2088,5.52,2015-11-23
1980,2089,0.31,2016-05-12
1981,2090,0.26,2019-10-10
1982,2091,5.86,2021-03-23
1983,2092,0.98,2021-03-17
1984,2093,1.14,2020-09-18
1985,2094,1.65,2021-01-22
1986,2095,1.51,2020-09-18
1987,2096,1.03,2020-09-18
1988,2097,1.07,2020-09-18
1989,2098,1.51,2015-09-09
1990,2099,2.11,2021-01-22
1991,2100,1.48,2015-09-09
1992,2101,1.54,2015-09-09
1993,2102,1.58,2015-09-09
1994,2103,98.19,2020-02-27
1995,2104,166.91,2018-01-15
1996,2105,57.2381,2018-01-15
1997,2106,140.02,2016-05-12
1998,2107,36.93,2019-10-10
1999,2108,36.93,2019-06-25
2000,2109,52.23,2020-09-01
2001,2110,48.432,2018-10-25
2002,2111,57.44,2019-07-08
2003,2112,53.1,2021-03-05
2004,2113,74.32,2021-03-04
2005,2114,297.72,2021-09-24
2006,2115,291.08,2021-02-09
2007,2116,76.71,2020-12-11
2008,2117,217.92,2021-03-05
2009,2118,91.14,2021-03-05
2010,2119,174.49,2021-03-05
2011,2120,159.08,2021-02-09
2012,2121,439.28,2020-12-28
2013,2122,96.78,2020-10-31
2014,2123,18.4,2019-12-05
2015,2124,16.15,2016-08-10
2016,2125,16.37,2019-09-06
2017,2126,18.4,2018-11-08
2018,2127,18.4,2018-06-01
2019,2128,18.75,2018-09-13
2020,2130,32.75,2018-05-09
2021,2131,39.9,2019-03-22
2022,2132,39.75,2018-07-05
2023,2138,21.2,2015-12-03
2024,2140,36.9,2020-02-14
2025,2141,34.95,2019-10-16
2026,2142,47.9,2019-01-17
2027,2143,31.95,2019-03-27
2028,2144,24.75,2019-09-06
2029,2145,41.9,2019-09-30
2030,2146,24.75,2019-02-27
2031,2147,24.75,2019-02-27
2032,2148,24.75,2019-02-27
2033,2149,35,2020-11-11
2034,2150,24.75,2019-02-27
2035,2151,24.75,2019-02-27
2036,2152,30.32,2020-01-29
2037,2153,30.32,2020-01-29
2038,2154,30.32,2020-12-16
2039,2155,54.4,2018-09-13
2040,2156,16.65,2018-09-13
2041,2157,24.75,2018-09-13
2042,2158,55,2018-09-13
2043,2159,26.95,2019-03-07
2044,2160,26.75,2019-03-22
2045,2161,60.2,2018-09-13
2046,2162,16.4,2018-09-13
2047,2163,25.6,2016-10-25
2048,2164,25.75,2016-09-28
2049,2165,25.75,2016-09-28
2050,2167,25.75,2018-02-13
2051,2168,42.15,2022-01-14
2052,2169,39.9,2019-01-21
2053,2170,26.75,2018-10-30
2054,2171,27.75,2020-01-13
2055,2172,0.76,2020-06-17
2056,2173,0.8,2020-06-17
2057,2174,1.02,2020-06-17
2058,2175,30.33,2021-03-23
2059,2176,38.41,2021-03-23
2060,2177,43.34,2021-02-25
2061,2178,35.61,2021-02-25
2062,2179,49.78,2021-02-25
2063,2180,47.79,2021-03-23
2064,2181,75.6,2020-11-18
2065,2182,4.17,2020-11-09
2066,2183,34.81,2020-11-18
2067,2184,2.81,2021-01-08
2068,2185,8.62,2021-01-08
2069,2186,64.56,2021-03-04
2070,2187,9.52,2020-11-26
2071,2188,8.57,2020-06-17
2072,2189,17.28,2021-01-08
2073,2190,9.46,2021-01-08
2074,2191,4.27,2019-10-04
2075,2192,4.82,2020-06-17
2076,2193,2.46,2019-12-16
2077,2194,24.36,2021-03-29
2078,2195,0.84,2021-02-25
2079,2196,0.92,2021-02-25
2080,2197,0.92,2021-02-25
2081,2198,0.92,2021-02-25
2082,2199,0.92,2021-02-25
2083,2200,0.92,2021-02-25
2084,2201,7.04,2020-12-28
2085,2202,121.13,2021-02-25
2086,2203,4.82,2020-06-17
2087,2204,5.52,2020-09-30
2088,2205,5.45,2019-10-04
2089,2206,7.01,2020-11-18
2090,2207,242.51,2018-04-10
2091,2208,5.95,2017-01-13
2092,2209,2.95,2016-05-04
2093,2210,2.1,2019-02-01
2094,2211,2.9,2018-09-13
2095,2212,2.53,2019-11-05
2096,2213,2.94,2019-11-05
2097,2214,4.34,2020-10-08
2098,2215,3.27,2020-02-04
2099,2216,7.8,02-06-2017
2100,2217,5.85,2018-02-13
2101,2218,4.3,2016-10-25
2102,2219,3.55,2016-09-06
2103,2220,0.0289,2016-08-18
2104,2221,2.91,2018-04-13
2105,2222,7.98,2018-06-29
2106,2223,7.98,2018-06-29
2107,2224,12.81,2018-05-31
2108,2225,5.25,2018-02-13
2109,2228,14.42,2021-12-09
2110,2229,5.9,2021-02-16
2111,2230,261.94,2018-05-03
2112,2231,4.112,2021-07-14
2113,2232,12.11,2019-07-09
2114,2233,15.33,2019-07-10
2115,2234,2782.5,2020-11-06
2116,2235,58.94,2020-09-02
2117,2236,9.9,2021-02-16
2118,2237,189.87,2021-1209
2119,2238,629.49,2020-06-01
2120,2239,21.536,2016-02-29
2121,2240,42.595,2016-02-29
2122,2241,5.396,2016-02-29
2123,2242,8.372,2016-02-29
2124,2243,676.75,2020-11-10
2125,2244,743.43,2020-11-10
2126,2245,329.06,2022-01-14
2127,2246,767.49,2022-01-14
2128,2247,307.05,2022-01-14
2129,2248,118.2,2022-01-14
2130,2249,120.73,2022-01-14
2131,2250,302.68,2022-01-14
2132,2251,230.3,2022-01-14
2133,2252,8.45,2021-04-20
2134,2253,3.68,2018-10-12
2135,2254,13.49,2021-04-20
2136,2255,5.386,2020-10-06
2137,2256,2.856,2021-03-03
2138,2257,103.49,2021-08-18
2139,2258,18.95,2019-02-08
2140,2259,12.18,2018-05-03
2141,2261,284.53,2021-12-09
2142,2262,12.46,2020-11-10
2143,2263,305.41,2020-08-25
2144,2264,29.23,2020-08-25
2145,2266,16.21,2021-02-16
2146,2267,62.52,2020-08-25
2147,2268,19.44,2018-05-23
2148,2269,19.44,2018-06-18
2149,2270,1,2018-10-25
2150,2271,16.95,2019-12-16
2151,2272,33.65,2020-12-28
2152,2273,284.1,2021-12-28
2153,2274,32.93,2020-09-22
2154,2275,41.868,2022-01-07
2155,2276,48.96,2022-01-07
2156,2277,25.72,2020-08-06
2157,2278,1.86,2015-12-03
2158,2279,1.12,2018-02-21
2159,2280,3.09,2017-12-01
2160,2281,302.17,2020-11-10
2161,2282,359.34,2020-11-10
2162,2284,153.75,2020-11-06
2163,2285,408.88,2021-12-09
2164,2286,46.28,2020-08-25
2165,2288,235,2021-09-22
2166,2289,45,2021-09-22
2167,2290,332.4,2019-08-14
2168,2291,73.81,2021-02-21
2169,2292,19.488,2021-12-09
2170,2293,22.81,2021-12-09
2171,2294,21.76,2022-01-07
2172,2295,23.13,2022-01-07
2173,2296,51.55,2019-08-14
2174,2297,1655.66,2020-11-06
2175,2300,136.32,2020-06-19
2176,2301,144.8,2020-06-19
2177,2303,55.41,2015-12-03
2178,2304,87.13,2015-12-03
2179,2306,10.95,2020-07-10
2180,2307,0.33,2021-02-16
2181,2309,259.95,2018-05-04
2182,2311,352.4,2018-05-04
2183,2312,225,2020-11-06
2184,2313,533.85,2020-06-23
2185,2314,50.29,2021-02-16
2186,2318,2.59,2020-07-17
2187,2319,2.35,2019-09-04
2188,2320,1.76,2019-03-13
2189,2321,1.54,2019-09-04
2190,2322,1053,2020-11-05
2191,2323,499.99,2021-12-06
2192,2326,18.522,2020-11-10
2193,2327,47.34,2020-09-30
2194,2328,119.52,2020-07-09
2195,2329,85.57,2020-11-10
2196,2330,111.49,2020-11-10
2197,2331,33.824,2021-08-17
2198,2332,33.824,2021-08-17
2199,2333,131.88,2021-12-09
2200,2334,153.47,2020-09-25
2201,2335,0.64,2020-11-05
2202,2336,141.15,2021-08-18
2203,2337,242.64,2021-08-18
2204,2339,691.74,2021-02-12
2205,2340,24.03,2019-06-14
2206,2341,19.856,2019-01-16
2207,2342,24.752,2019-01-16
2208,2343,13.91,2018-05-22
2209,2344,19.39,2018-05-22
2210,2345,9.44,03-21-2018
2211,2346,12.4,2019-02-18
2212,2347,29.23,2021-04-30
2213,2348,40.56,2018-05-03
2214,2349,8.09,2018-05-04
2215,2351,60.8,2018-05-23
2216,2352,821.06,2020-11-10
2217,2353,965.72,2020-11-10
2218,2354,2287.013,2020-10-30
2219,2355,163.21,2020-11-09
2220,2356,63.64,2018-07-12
2221,2361,22.16,2017-09-20
2222,2362,21.65,2017-09-20
2223,2363,5.1,2019-07-08
2224,2364,147.9,2020-11-05
2225,2365,149.13,2020-11-05
2226,2366,149.13,2020-11-05
2227,2370,86.85,2020-11-18
2228,2372,56,2018-05-04
2229,2373,86.02,2020-11-05
2230,2374,22.53,2020-09-25
2231,2375,66.1,2020-12-07
2232,2377,18.67,2020-06-18
2233,2378,78.24,2020-09-03
2234,2379,4.64,2020-09-02
2235,2380,8.67,2020-11-10
2236,2381,13.105,2021-03-11
2237,2382,8.67,2020-11-10
2238,2383,86.44,2021-03-23
2239,2384,14.5,2016-04-12
2240,2385,11.9,2019-05-22
2241,2386,4.93,2021-02-12
2242,2387,1,2017-11-21
2243,2388,2.02,2016-02-09
2244,2389,1.54,2021-01-11
2245,2390,0.72,2020-21-12
2246,2391,6.6,2018-09-24
2247,2392,8.85,2017-01-11
2248,2393,0.735,2016-10-26
2249,2394,0.75,2016-10-26
2250,2395,1.3125,2016-28-04
2251,2396,39.8,2016-02-09
2252,2397,1.6125,2015-12-15
2253,2398,0.75,2015-12-15
2254,2399,40.76,2016-19-04
2255,2400,1.19,2016-01-19
2256,2401,1.19,2016-01-19
2257,2402,52.32,2020-02-07
2258,2403,0.78,2019-12-06
2259,2404,188,2018-09-10
2260,2405,144.25,2018-09-11
2261,2406,67,2018-10-05
2262,2407,125,2018-01-29
2263,2408,35,2018-06-27
2264,2409,0,2018-03-06
2265,2410,-,-
2266,2411,125,2018-03-05
2267,2412,115,2018-06-11
2268,2413,115,2018-06-27
2269,2414,115,2018-04-27
2270,2415,295,2020-02-14
2271,2416,175,2018-10-04
2272,2417,185,2018-11-07
2273,2418,125,2018-01-30
2274,2419,175,2018-07-06
2275,2420,125,2018-03-05
2276,2422,185,2019-02-14
2277,2423,180,2018-04-23
2278,2428,210.02,2018-05-31
2279,2429,1188,2020-09-17
2280,2430,1598,2020-09-17
2281,2431,0.95,04-17-2020
2282,2433,4.25,2019-11-18
2283,2437,3.1,2017-08-14
2284,2438,4.64,2021-01-08
2285,2439,6.11,2021-02-16
2286,2440,2.8,2020-27-12
2287,2441,31.7,2020-07-17
2288,2442,4.87,2021-02-12
2289,2443,4.21,2021-02-12
2290,2444,4.21,2021-02-12
2291,2445,4.21,2021-02-12
2292,2446,4.21,2021-02-12
2293,2447,6.93,2020-08-06
2294,2451,5.94,2021-04-01
2295,2452,14.39,2021-04-07
2296,2453,14.41,2021-04-07
2297,2454,1.71,2021-01-08
2298,2455,8,2021-05-05
2299,2456,8.28,2021-02-22
2300,2457,6.01,2021-02-22
2301,2458,6.11,2021-02-22
2302,2459,6.51,2021-02-12
2303,2460,7.42,2021-01-05
2304,2461,9.19,2021-02-16
2305,2462,11.64,2021-02-12
2306,2463,6.35,2021-02-12
2307,2464,6.55,2021-02-16
2308,2465,8,2020-12-28
2309,2466,5.59,2021-05-05
2310,2467,2.99,2020-12-28
2311,2468,5.86,2020-12-28
2312,2469,9.86,2020-11-02
2313,2470,8.95,2021-04-15
2314,2471,5.92,2021-02-17
2315,2472,1.81,2021-01-04
2316,2473,9.74,2021-04-20
2317,2474,7.63,2021-02-12
2318,2475,7.54,2021-02-12
2319,2476,6.32,2021-01-04
2320,2477,3.28,2021-01-04
2321,2478,6.89,2021-02-03
2322,2479,8.34,2021-04-26
2323,2480,7.63,2021-04-26
2324,2481,7.31,2021-01-04
2325,2482,8.86,2021-02-12
2326,2483,6.92,2021-05-12
2327,2484,8.49,2021-02-12
2328,2485,7.48,2021-02-12
2329,2486,9.19,2021-02-12
2330,2487,9.35,2021-02-12
2331,2488,4.64,2021-01-22
2332,2489,5.84,2021-01-22
2333,2490,5.96,2021-02-16
2334,2491,9.89,2020-11-02
2335,2492,3.32,2020-08-11
2336,2493,10.17,2021-01-04
2337,2494,8.25,2021-02-16
2338,2495,11.23,2021-02-16
2339,2496,6.73,2021-02-16
2340,2497,41.84,2021-03-17
2341,2498,7.99,2016-01-19
2342,2499,7.99,2016-01-19
2343,2500,12.7,2018-06-01
2344,2501,12.84,2019-06-28
2345,2502,13.8664,2019-06-28
2346,2503,12.5367,2019-06-21
2347,2504,8.3437,2019-02-19
2348,2505,13.49,2018-07-05
2349,2506,13.49,2019-06-07
2350,2507,10.1665,2016-07-12
2351,2508,25.1858,2019-03-04
2352,2509,11.9522,2018-08-07
2353,2510,11.9522,2018-08-07
2354,2511,9.1,2020-09-03
2355,2512,7.21,2020-09-03
2356,2513,4.63,2020-09-03
2357,2514,5.4,2020-09-03
2358,2515,5.53,2020-09-03
2359,2516,4.42,2020-09-03
2360,2517,5.95,2020-09-03
2361,2518,4.75,2020-09-03
2362,2519,8.16,2020-09-03
2363,2520,5.87,2020-09-03
2364,2521,12.95,2020-09-03
2365,2522,5.92,2020-09-03
2366,2523,10.49,2021-02-16
2367,2524,1.18,2021-01-08
2368,2525,3.98,2020-07-15
2369,2526,4.05,2020-07-15
2370,2527,4.2,2021-02-16
2371,2528,1.49,2021-04-15
2372,2529,1.86,2021-04-07
2373,2530,2.32,2020-11-02
2374,2531,5.72,2021-02-01
2375,2532,3.81,2021-02-16
2376,2533,3.91,2021-02-12
2377,2534,4.79,2020-11-02
2378,2535,11.76,2020-07-15
2379,2536,5.55,2021-02-16
2380,2537,0.81,2021-02-03
2381,2538,5.99,2021-02-01
2382,2539,9.52,2020-07-15
2383,2540,7.4554,2019-02-27
2384,2542,0.11,2019-10-09
2385,2543,1.5,2019-09-13
2386,2544,0.0896,2018-09-24
2387,2545,0.12,2019-10-09
2388,2546,0.52,2018-06-05
2389,2547,0.1712,2021-01-12
2390,2548,0.0476,2018-09-27
2391,2549,0.116,2018-09-26
2392,2550,0.0738,2020-06-02
2393,2551,0.0635,2020-08-24
2394,2552,0.5722,2019-07-04
2395,2553,5.29,2021-01-08
2396,2554,5.92,2020-09-03
2397,2555,8.59,2021-04-15
2398,2556,8.57,2021-01-22
2399,2557,8.75,2021-01-22
2400,2558,9.88,2021-01-22
2401,2559,10.33,2021-01-22
2402,2560,6.64,2021-01-22
2403,2561,12.73,2021-01-22
2404,2562,5.92,2021-01-22
2405,2563,5.65,2021-01-22
2406,2564,7.34,2021-01-22
2407,2565,12.01,2021-05-05
2408,2566,13.55,2021-01-08
2409,2567,9.83,2020-11-09
2410,2568,10.69,2020-08-26
2411,2569,10.34,2020-08-26
2412,2570,13.13,2020-08-26
2413,2571,8.23,2020-08-26
2414,2572,8.95,2020-08-26
2415,2573,10.99,2020-08-26
2416,2574,11.64,2020-08-26
2417,2575,11.17,2020-08-26
2418,2576,14.62,2020-08-26
2419,2577,7.92,2020-08-26
2420,2578,8.52,2020-08-26
2421,2579,5.08,2020-08-26
2422,2580,5.86,2020-08-26
2423,2581,9.97,2020-08-26
2424,2582,5.17,2020-08-26
2425,2583,7.58,2020-08-26
2426,2584,11.21,2020-08-26
2427,2585,7.33,2020-08-26
2428,2586,5.52,2020-08-26
2429,2587,3.59,2021-02-01
2430,2588,5.08,2021-03-17
2431,2589,9.91,2020-08-25
2432,2590,0.2124,2016-28-04
2433,2591,24.1,2018-08-08
2434,2592,7.59,2021-04-07
2435,2593,2.39,2019-09-03
2436,2594,117.6,2021-02-03
2437,2595,120.04,2021-02-12
2438,2596,7.15,2021-02-12
2439,2597,8.88,2021-03-17
2440,2598,5,2020-08-20
2441,2599,8,2021-05-05
2442,2600,64.81,2021-02-16
2443,2601,13.42,2020-10-07
2444,2602,13.42,2021-01-05
2445,2603,11.71,2021-02-16
2446,2604,13.53,2021-02-16
2447,2605,0.83,2020-10-20
2448,2606,0.75,2020-10-20
2449,2607,1.15,2020-11-09
2450,2608,11.09,2020-11-02
2451,2609,15.02,2020-11-02
2452,2610,0.25,2018-06-13
2453,2611,26.46,2018-06-29
2454,2612,2.31,2017-01-25
2455,2613,9.39,2020-12-28
2456,2614,9.69,2021-04-07
2457,2615,0.628,2017-05-29
2458,2616,0.3721,2020-01-14
2459,2617,0.7085,2020-11-09
2460,2618,0.2866,2015-12-07
2461,2620,0.84,2020-07-01
2462,2621,0.35,2016-04-12
2463,2622,0.3014,2020-01-14
2464,2623,0.38,2020-01-14
2465,2624,0.244,2016-02-19
2466,2625,0.27,2016-05-12
2467,2628,0.2353,2016-04-29
2468,2629,1.42,2020-02-25
2469,2631,1.62,2020-02-25
2470,2632,0.67,2020-01-14
2471,2633,1.218,2016-11-08
2472,2635,1.27,2016-08-29
2473,2636,0.19,2016-10-20
2474,2637,0.56,2019-01-16
2475,2638,0.35,2019-01-16
2476,2639,0.4263,2018-08-28
2477,2640,0.6158,2018-05-31
2478,2642,0.956,2020-10-15
2479,2643,0.7426,2018-08-22
2480,2644,26.54,2020-10-07
2481,2645,34.81,2021-01-05
2482,2646,0.1876,2016-04-13
2483,2647,1.45,2017-08-18
2484,2648,0.1598,2019-05-10
2485,2649,9.63,2019-02-18
2486,2650,4.66,2019-02-21
2487,2651,0.91,2017-08-18
2488,2652,92.24,2016-02-02
2489,2653,5.67,2016-06-17
2490,2654,0.1554,2021-02-02
2491,2655,11.03,2021-04-01
2492,2656,9.26,2020-11-26
2493,2657,8.33,2020-11-26
2494,2658,5.4,2021-04-15
2495,2659,7.08,2016-11-29
2496,2660,13.26,2019-02-20
2497,2661,13.5,2019-02-20
2498,2662,5.34,2021-02-12
2499,2663,2.24,09-07-2016
2500,2664,0.0636,2020-12-21
2501,2665,0.0978,2020-12-21
2502,2666,81.75,2016-08-12
2503,2667,299,2016-08-12
2504,2668,0.02,2016-20-04
2505,2669,0.092,2019-05-10
2506,2670,2.0793,2020-01-16
2507,2671,2.3,2016-04-05
2508,2672,2.3,2020-08-24
2509,2673,1.83,2020-07-01
2510,2674,2.29,2020-07-01
2511,2675,3.25,2020-09-02
2512,2676,3.72,2020-09-29
2513,2677,5.1,2020-09-29
2514,2678,6.36,2020-09-14
2515,2679,0.168,2020-10-02
2516,2680,1.14,2020-09-29
2517,2681,0.52,2020-08-17
2518,2682,0.9,2020-08-17
2519,2683,1.26,2020-08-17
2520,2684,2.14,2020-09-02
2521,2685,2.02,2020-09-29
2522,2686,9,2019-04-18
2523,2687,9.67,2019-04-18
2524,2688,4.76,2021-02-12
2525,2689,8,2021-01-22
2526,2690,4.29,2021-01-22
2527,2691,6.86,2021-01-22
2528,2692,11.43,2021-01-22
2529,2693,23.83,2021-01-22
2530,2694,5.62,2021-03-17
2531,2695,21.33,2020-10-08
2532,2696,37.88,2017-09-08
2533,2697,9.77,2016-05-24
2534,2698,16.97,2016-02-16
2535,2699,6.86,2021-04-15
2536,2700,5.71,2021-04-15
2537,2701,8.89,2020-08-26
2538,2702,11.09,2021-02-16
2539,2703,15.27,2020-10-23
2540,2704,12.99,2021-02-12
2541,2705,10.5,2020-11-02
2542,2706,10.5,2021-02-12
2543,2707,1.41,2019-09-04
2544,2708,0.1867,2017-06-07
2545,2709,0.192,2016-02-19
2546,2710,0.0939,2018-06-18
2547,2711,0.0559,2018-07-03
2548,2712,0.06,2019-01-11
2549,2715,0.2813,03-31-2017
2550,2716,0.1,2018-10-22
2551,2717,0.05,2018-02-06
2552,2719,0.0276,2020-11-13
2553,2722,0.1066,2019-05-29
2554,2723,0.1122,2018-06-13
2555,2724,0.07,2016-28-04
2556,2725,0.25,2019-09-20
2557,2728,0.0416,2021-04-14
2558,2729,0.11,2018-08-06
2559,2730,0.58,2018-11-21
2560,2731,1.06,2017-12-19
2561,2732,0.2,2018-02-16
2562,2733,0.0889,2016-19-04
2563,2734,0.0731,2020-11-13
2564,2735,0.1856,2021-03-11
2565,2736,0.98,2020-10-02
2566,2737,0.064,2021-03-11
2567,2738,0.098,2021-03-11
2568,2739,0.25,2020-01-10
2569,2740,0.25,2020-04-29
2570,2741,0.25,2020-04-29
2571,2742,0.25,2020-04-29
2572,2743,0.25,2020-04-29
2573,2744,0.3,2020-04-29
2574,2745,0.3,2020-04-29
2575,2746,25.58,2021-04-15
2576,2747,28.28,2021-04-15
2577,2748,27.57,2020-07-15
2578,2749,20.96,2021-04-15
2579,2750,9.14,2021-01-22
2580,2751,11.3,2021-03-04
2581,2752,1.92,2020-11-26
2582,2753,4.3,2020-11-26
2583,2754,3.44,2021-01-05
2584,2755,30.58,2021-01-05
2585,2757,0.7,2020-05-13
2586,2758,10.67,2021-01-04
2587,2759,12.43,2021-01-04
2588,2760,8.2,2021-01-04
2589,2761,44.28,2016-10-25
2590,2762,17.4,2020-09-03
2591,2763,22.46,2020-09-03
2592,2764,14.48,10-05-2017
2593,2765,14.5074,2016-05-24
2594,2766,3.79,2017-01-23
2595,2767,15.38,2021-04-20
2596,2768,14,2021-01-04
2597,2769,18.78,2019-11-26
2598,2770,6.67,2021-02-12
2599,2771,8.08,2021-02-16
2600,2772,15.28,2019-12-03
2601,2773,4.8295,2016-07-12
2602,2774,17.27,2016-04-12
2603,2775,2.8,2018-02-13
2604,2776,2.37,2016-01-14
2605,2777,0.418,2019-05-10
2606,2778,0.016,2019-05-06
2607,2779,0.0193,2019-05-21
2608,2780,0.019,2019-05-23
2609,2781,3.36,2020-09-29
2610,2782,0.0266,2020-12-21
2611,2783,0.0408,2020-12-21
2612,2784,0.0998,2020-12-21
2613,2785,0.2104,2020-11-26
2614,2786,0.0052,2020-12-21
2615,2787,0.0118,2020-12-21
2616,2788,0.0104,2020-12-21
2617,2789,0.0138,2020-12-21
2618,2790,0.0192,2020-12-21
2619,2791,2.56,2021-04-01
2620,2792,18.74,2020-11-26
2621,2793,18.74,2021-02-03
2622,2794,0.9,2020-08-20
2623,2795,0.6,2020-08-20
2624,2796,0.57,2018-10-30
2625,2797,10,2018-10-11
2626,2798,50.89,2018-10-11
2627,2799,6.88,2020-09-03
2628,2800,2.41,2020-09-03
2629,2801,3.19,2020-09-03
2630,2802,4.23,2020-09-03
2631,2803,4.27,2020-09-03
2632,2804,5.62,2020-12-28
2633,2805,5.89,2016-02-02
2634,2806,13.66,2016-02-02
2635,2807,9.83,2021-01-08
2636,2808,12.62,2021-01-08
2637,2809,8.86,2021-02-16
2638,2810,7.13,2021-01-08
2639,2811,9.35,2021-01-08
2640,2812,8.92,2021-01-08
2641,2813,9.59,2021-01-08
2642,2814,2.14,2020-16-12
2643,2815,46.8,2019-07-17
2644,2816,14.57,2021-02-12
2645,2817,14.57,2021-02-12
2646,2818,14.57,2021-02-12
2647,2819,18.62,2021-02-12
2648,2820,8,2020-11-02
2649,2821,2.31,2020-11-02
2650,2822,7.41,2020-11-02
2651,2823,9.02,2020-11-02
2652,2825,0.67,2018-06-29
2653,2827,0.64,2020-10-23
2654,2828,2.39,2018-09-25
2655,2829,10.998,2018-08-08
2656,2830,0.3078,2018-08-07
2657,2831,25.42,2018-07-16
2658,2832,13.63,2020-08-11
2659,2833,4.51,2016-06-15
2660,2834,2.5,2020-11-02
2661,2835,1.9,2020-11-02
2662,2836,1.92,2020-11-02
2663,2837,2.59,2021-02-12
2664,2838,2.25,2019-09-13
2665,2839,7.08,2021-04-15
2666,2840,5.54,2020-10-23
2667,2841,5.89,2020-10-23
2668,2843,4.19,2020-10-23
2669,2844,21.1,2018-06-20
2670,2845,3.41,2021-02-01
2671,2846,54.64,2020-10-23
2672,2847,18.62,2021-06-07
2673,2848,5.02,2018-12-19
2674,2849,5.44,2021-03-17
2675,2850,50.32,2018-10-30
2676,2851,0.3,2019-04-16
2677,2852,34.45,2018-11-23
2678,2853,6.57,2019-04-30
2679,2854,0.5,2017-12-22
2680,2855,0.568,2020-07-13
2681,2856,0.7172,2021-02-02
2682,2857,0.823,2020-09-02
2683,2858,0.8353,2020-09-02
2684,2859,0.57,2021-01-12
2685,2862,0.6925,2020-02-02
2686,2863,1.311,2021-01-04
2687,2868,1.36,2020-09-14
2688,2870,1.85,2021-01-12
2689,2872,2.94,2020-12-23
2690,2873,0.1182,2020-23-28
2691,2874,0.1316,2020-23-28
2692,2876,0.147,2020-23-28
2693,2877,0.1688,2020-23-28
2694,2878,0.1888,2020-23-28
2695,2879,0.2784,2020-23-28
2696,2881,0.0899,2020-23-28
2697,2882,0.072,2020-23-28
2698,2883,0.1151,2020-23-28
2699,2884,0.1258,2020-23-28
2700,2885,0.1448,2020-23-28
2701,2886,0.1649,2020-23-28
2702,2887,0.1422,2021-02-02
2703,2888,0.3052,2020-23-28
2704,2890,0.1364,2020-07-13
2705,2891,0.184,2020-07-13
2706,2892,0.2056,2020-07-13
2707,2893,0.25,2020-
2708,2894,0.2876,2020-07-13
2709,2895,0.3478,2020-07-13
2710,2896,0.3478,2020-07-13
2711,2897,0.1796,2020-07-13
2712,2898,0.5,2020-08-26
2713,2900,0.1884,2020-08-19
2714,2901,0.2176,2020-07-13
2715,2902,0.2428,2020-07-13
2716,2903,0.28,2020-
2717,2904,0.318,2020-07-13
2718,2906,0.4012,2020-07-13
2719,2907,0.4886,2020-07-13
2720,2909,0.42,2020-08-06
2721,2910,0.3624,2020-07-13
2722,2912,0.448,2020-07-13
2723,2913,0.5004,2020-07-13
2724,2914,0.504,2020-08-18
2725,2915,0.6208,2020-07-13
2726,2916,0.4268,2021-01-04
2727,2917,0.7618,2020-07-13
2728,2918,0.95,2020-12-28
2729,2921,1.65,2020-08-20
2730,2922,9.823,2020-01-14
2731,2923,9.297,2020-01-14
2732,2924,8.209,2020-01-14
2733,2925,8.209,2020-01-14
2734,2926,6.465,2020-01-14
2735,2927,9.297,2020-01-14
2736,2928,8.21,2020-01-14
2737,2929,8.209,2020-01-14
2738,2930,9.297,2020-01-14
2739,2931,51.8,2018-02-15
2740,2933,1.08,2018-12-10
2741,2935,3.51,2019-12-06
2742,2936,1.23,2018-09-11
2743,2937,0.6893,2017-01-25
2744,2938,1.45,2018-02-13
2745,2939,1.66,2019-02-14
2746,2940,1.01,2018-05-30
2747,2941,2.07,2020-01-14
2748,2942,2.5,2020-01-14
2749,2943,2.94,2020-01-14
2750,2944,3.42,2019-02-14
2751,2945,2.98,2019-01-11
2752,2946,4.23,2018-04-05
2753,2948,1.44,2018-05-31
2754,2949,4.97,2019-01-11
2755,2950,0.98,2020-06-22
2756,2951,3.67,2021-03-04
2757,2952,9.75,2020-06-22
2758,2953,1.36,2020-05-13
2759,2954,10.88,2020-08-20
2760,2955,7.14,2020-12-28
2761,2956,0.2348,2019-11-28
2762,2957,20.8,2019-04-02
2763,2958,139.32,2021-02-12
2764,2959,286.2,2021-02-12
2765,2960,331.8,2021-02-12
2766,2961,0.2673,2020-10-27
2767,2962,0.5268,2018-06-20
2768,2963,0.7,2016-01-08
2769,2964,0.6161,2016-07-06
2770,2965,1,2018-12-17
2771,2966,0.68,2019-06-26
2772,2967,0.9649,2016-07-06
2773,2968,1.09,2018-11-12
2774,2969,0.439,2018-06-20
2775,2970,1.39,2018-11-23
2776,2972,0.0426,2016-01-19
2777,2973,0.15,2019-05-30
2778,2974,0.0581,2016-03-24
2779,2975,0.13,2016-03-24
2780,2976,0.126,2016-08-29
2781,2977,0.4729,2019-05-06
2782,2978,0.0808,2016-03-24
2783,2979,1.39,2016-05-12
2784,2980,0.29,2016-05-12
2785,2981,0.26,2016-03-24
2786,2982,0.0459,2016-03-18
2787,2983,0.53,2019-12-20
2788,2984,0.0435,2016-10-06
2789,2985,0.1156,2019-05-30
2790,2986,0.0886,2016-03-24
2791,2987,0.1468,2017-02-06
2792,2988,3.12,2020-02-25
2793,2989,0.5683,2016-11-08
2794,2990,0.1299,2016-11-08
2795,2991,0.1568,2016-11-08
2796,2992,0.1814,2016-06-15
2797,2993,0.1932,2016-04-13
2798,2994,0.25,2016-04-13
2799,2995,0.2273,2016-04-13
2800,2996,0.72,2018-05-01
2801,2997,0.28,2018-09-24
2802,2998,0.3346,2019-08-06
2803,2999,0.2324,2019-08-06
2804,3000,0.1962,2020-01-13
2805,3001,0.2462,2020-01-13
2806,3002,0.1706,2016-07-21
2807,3003,0.1046,2016-07-06
2808,3004,0.1046,2016-07-06
2809,3005,0.2055,2016-07-06
2810,3006,2.76,2020-03-10
2811,3007,5.8,2020-11-02
2812,3008,5.96,2020-11-02
2813,3009,0.1838,2020-07-01
2814,3010,0.28,2021-04-20
2815,3011,0.2392,2020-07-01
2816,3012,0.2898,2020-07-01
2817,3013,0.28,2019-05-17
2818,3014,0.3296,2019-05-10
2819,3015,1.0259,2020-12-01
2820,3016,1.1475,2020-12-01
2821,3017,1.28,2020-12-28
2822,3018,0.4088,2019-05-10
2823,3019,1.3357,2020-12-01
2824,3020,2.26,2020-12-23
2825,3021,0.618,2016-06-22
2826,3022,0.0406,2020-05-21
2827,3023,0.058,2020-07-01
2828,3024,0.0389,2020-05-21
2829,3025,0.0378,2020-07-01
2830,3026,0.0391,2019-04-04
2831,3027,0.0464,2019-04-04
2832,3028,0.0486,2019-04-04
2833,3029,0.0584,2020-07-01
2834,3030,0.072,2019-05-31
2835,3032,0.045,2021-04-26
2836,3034,0.053,2020-07-01
2837,3035,0.0742,2020-07-01
2838,3036,0.115,2019-02-07
2839,3038,0.0502,2018-06-18
2840,3039,0.0789,2020-07-01
2841,3040,0.045,2021-04-26
2842,3041,0.0538,2017-10-06
2843,3042,0.0994,2017-10-06
2844,3043,0.08,2020-01-14
2845,3044,0.0971,2020-07-01
2846,3045,0.1162,2016-06-22
2847,3048,0.15,1905-07-12
2848,3049,0.13,2020-01-14
2849,3050,0.205,2020-08-04
2850,3052,0.2088,2019-05-21
2851,3054,1.09,2021-04-14
2852,3055,1.25,2020-05-27
2853,3056,0.2508,2017-10-17
2854,3057,0.06,2018-06-12
2855,3058,0.06,2016-07-06
2856,3059,0.084,2016-05-24
2857,3060,0.33,2018-08-21
2858,3061,12.87,2020-02-05
2859,3062,0.0882,2019-12-10
2860,3063,0.1307,2018-06-28
2861,3064,0.084,2018-07-03
2862,3065,0.3346,2019-08-05
2863,3066,0.2324,2019-08-06
2864,3067,0.1205,2018-06-20
2865,3069,0.07,2019-02-06
2866,3070,0.05,2019-02-06
2867,3071,0.0378,2019-08-05
2868,3072,0.0384,2019-01-16
2869,3073,0.2885,2016-05-30
2870,3074,1.54,2020-08-20
2871,3075,3.29,2021-05-05
2872,3076,0.15,2019-09-12
2873,3077,0.04,2019-10-09
2874,3078,0.0579,2021-03-29
2875,3079,0.25,2020-02-05
2876,3080,4.99,2021-02-16
2877,3081,2.79,2021-01-22
2878,3082,5.28,2020-11-02
2879,3083,2.61,2021-02-03
2880,3084,2.61,2021-02-03
2881,3085,3.26,2021-02-03
2882,3086,3.7,2021-02-03
2883,3087,6.09,2021-02-03
2884,3088,6.67,2021-02-16
2885,3089,11.43,2020-11-26
2886,3090,0.64,2020-11-02
2887,3091,23.65,2020-11-02
2888,3092,18.75,2021-01-22
2889,3093,73.81,2021-01-22
2890,3094,46.66,2015-12-07
2891,3095,7.48,2020-10-07
2892,3096,4.93,2021-02-16
2893,3097,141.33,2021-04-15
2894,3098,32.45,2016-09-12
2895,3099,6.88,2015-12-09
2896,3100,14.48,2018-09-11
2897,3101,4.91,2016-02-15
2898,3102,7.47,2016-02-15
2899,3103,7.35,2016-02-15
2900,3104,4.01,2020-01-08
2901,3105,3.3,2019-01-11
2902,3106,9.66,2016-04-08
2903,3107,2.6,2019-06-11
2904,3108,6.92,2019-05-28
2905,3109,15,2019-08-29
2906,3110,10.7,2019-09-03
2907,3111,3,2020-03-03
2908,3112,9.66,03-31-2017
2909,3113,4.04,2020-10-07
2910,3114,4.04,2021-04-15
2911,3115,1.32,2020-07-17
2912,3116,136.74,2020-12-17
2913,3117,35.19,2020-08-25
2914,3118,8.98,2020-12-28
2915,3119,8.94,2020-08-26
2916,3120,39.72,2020-09-03
2917,3121,0.36,2017-11-27
2918,3122,0.0896,2018-09-24
2919,3123,0.14,2016-20-04
2920,3126,0.0495,2016-05-24
2921,3127,0.2,2018-05-31
2922,3128,0.4154,2019-09-13
2923,3129,0.13,2018-09-18
2924,3130,0.1,2020-05-13
2925,3132,0.1036,2020-07-01
2926,3133,0.3352,2019-12-10
2927,3135,0.12,2018-02-26
2928,3136,0.2,2020-01-14
2929,3137,0.2482,2020-01-13
2930,3138,0.3032,2020-01-13
2931,3139,0.0527,2021-02-01
2932,3142,0.0642,2020-07-01
2933,3143,0.0767,2019-05-24
2934,3144,0.1036,2019-05-25
2935,3145,0.0612,2020-07-01
2936,3148,0.167,2019-03-25
2937,3149,0.3718,2019-03-25
2938,3150,0.1268,2020-05-22
2939,3151,0.1778,2020-05-22
2940,3152,0.2,2020-01-20
2941,3153,0.29,2019-10-09
2942,3154,0.25,2019-10-16
2943,3155,1.38,2020-04-20
2944,3156,8.36,2021-03-25
2945,3157,5.91,2020-07-17
2946,3158,9.78,2020-12-28
2947,3159,9.02,2021-01-05
2948,3160,9.4,2021-01-08
2949,3161,3.6,2021-01-08
2950,3162,3.64,2021-03-22
2951,3163,11.83,2021-02-03
2952,3164,9.71,2021-02-03
2953,3165,2.33,2021-02-03
2954,3166,2.58,2021-02-03
2955,3167,2.95,2021-02-03
2956,3168,2.6,2021-02-03
2957,3169,5.73,2021-02-03
2958,3170,5.16,2021-05-05
2959,3171,9.69,2020-10-23
2960,3173,3.09,2021-01-22
2961,3174,6.16,2021-04-15
2962,3175,1.55,2021-02-03
2963,3176,2.03,2021-05-05
2964,3177,2.43,2021-04-15
2965,3178,2.43,2021-01-22
2966,3179,4.47,2021-04-15
2967,3180,2.62,2020-11-02
2968,3181,7.43,2021-02-01
2969,3182,1.83,2019-05-24
2970,3183,1.29,2018-07-03
